"Clade","logFC","AveExpr","t","P.Value","adj.P.Val","B","significant","contrast","lake","Date","Year","Month","Day","sample_date","Year_lake","sig_label"
"Mae8",-0.734163473542892,1.39470259808099,-2.00335293815747,0.0497232862997251,0.757997725732199,-4.40678520871299,"Not Significant","logqc_LE_18_06_28","Lake Erie","18_06_28","2018","06","28","06/28","2018 Lake Erie","No change"
"Mae2_(HL/LG)",-0.5901027193067,4.13135093350547,-1.89360861695101,0.0631664771443499,0.757997725732199,-4.43317178146554,"Not Significant","logqc_LE_18_06_28","Lake Erie","18_06_28","2018","06","28","06/28","2018 Lake Erie","No change"
"Mfl_ae6",0.308876928024351,0.746447175377668,1.44630902561141,0.15336409650441,0.925557062504991,-4.52804420445095,"Not Significant","logqc_LE_18_06_28","Lake Erie","18_06_28","2018","06","28","06/28","2018 Lake Erie","No change"
"Mfl_ae5",0.0792932390542849,0.0337903604092532,1.00910186537128,0.317032250771604,0.925557062504991,-4.59892895577369,"Not Significant","logqc_LE_18_06_28","Lake Erie","18_06_28","2018","06","28","06/28","2018 Lake Erie","No change"
"Mae3_3",0.272713444869304,2.92374632193307,0.91504769976225,0.363878518110301,0.925557062504991,-4.61111154491787,"Not Significant","logqc_LE_18_06_28","Lake Erie","18_06_28","2018","06","28","06/28","2018 Lake Erie","No change"
"Mae9",-0.0964227313661398,0.0650762610075088,-0.864097872904638,0.391021550808064,0.925557062504991,-4.617239393938,"Not Significant","logqc_LE_18_06_28","Lake Erie","18_06_28","2018","06","28","06/28","2018 Lake Erie","No change"
"Mpa",-0.182752360787025,0.416567268566533,-0.792095018769963,0.431467645513776,0.925557062504991,-4.6253272390088,"Not Significant","logqc_LE_18_06_28","Lake Erie","18_06_28","2018","06","28","06/28","2018 Lake Erie","No change"
"Mae2_(LL/LG)",0.300400546573599,2.28513114992583,0.782196591726072,0.43721629954548,0.925557062504991,-4.62638633525406,"Not Significant","logqc_LE_18_06_28","Lake Erie","18_06_28","2018","06","28","06/28","2018 Lake Erie","No change"
"Mn",0.169280399351311,0.355918475642101,0.637131895684518,0.526495077131769,0.925557062504991,-4.64042838017471,"Not Significant","logqc_LE_18_06_28","Lake Erie","18_06_28","2018","06","28","06/28","2018 Lake Erie","No change"
"Mae5",-0.238725020718161,1.46052929978883,-0.55637749897863,0.580049743794041,0.925557062504991,-4.64703271380081,"Not Significant","logqc_LE_18_06_28","Lake Erie","18_06_28","2018","06","28","06/28","2018 Lake Erie","No change"
"Mae3_1",0.117729752641808,3.6700616749069,0.553715973411026,0.581858521675495,0.925557062504991,-4.64723548318721,"Not Significant","logqc_LE_18_06_28","Lake Erie","18_06_28","2018","06","28","06/28","2018 Lake Erie","No change"
"Mae1",-0.153810920118692,1.52988750923621,-0.553028649566701,0.582326067085916,0.925557062504991,-4.64728769229835,"Not Significant","logqc_LE_18_06_28","Lake Erie","18_06_28","2018","06","28","06/28","2018 Lake Erie","No change"
"Mae4",0.141691527189789,2.3471551786472,0.545384624389275,0.58753792767097,0.925557062504991,-4.64786404408676,"Not Significant","logqc_LE_18_06_28","Lake Erie","18_06_28","2018","06","28","06/28","2018 Lake Erie","No change"
"Mfl_ae2",-0.157623208403297,0.681920702234415,-0.542184559208148,0.58972635507495,0.925557062504991,-4.64810298817017,"Not Significant","logqc_LE_18_06_28","Lake Erie","18_06_28","2018","06","28","06/28","2018 Lake Erie","No change"
"Mae10",0.202423146997498,2.20965348592617,0.537554679386584,0.592899391624499,0.925557062504991,-4.64844625106402,"Not Significant","logqc_LE_18_06_28","Lake Erie","18_06_28","2018","06","28","06/28","2018 Lake Erie","No change"
"Mwe",0.143281743750034,0.964995316241231,0.458371832483182,0.648363463707945,0.925557062504991,-4.65386835216967,"Not Significant","logqc_LE_18_06_28","Lake Erie","18_06_28","2018","06","28","06/28","2018 Lake Erie","No change"
"Mfl_ae1",-0.16601894767124,1.80094808376827,-0.448258394707756,0.655602919274369,0.925557062504991,-4.65449965482446,"Not Significant","logqc_LE_18_06_28","Lake Erie","18_06_28","2018","06","28","06/28","2018 Lake Erie","No change"
"Mfl_ae3",-0.110873718955574,0.899025058622388,-0.367739482678272,0.714378916002457,0.952505221336609,-4.65902869259073,"Not Significant","logqc_LE_18_06_28","Lake Erie","18_06_28","2018","06","28","06/28","2018 Lake Erie","No change"
"Unknown",0.0523285080974169,0.167634640982776,0.251375128944396,0.802394563965973,0.988315712258243,-4.66400548631272,"Not Significant","logqc_LE_18_06_28","Lake Erie","18_06_28","2018","06","28","06/28","2018 Lake Erie","No change"
"Unknown",-0.0489428465743665,0.0672416368619685,-0.223912300930458,0.823596426881869,0.988315712258243,-4.6649083891877,"Not Significant","logqc_LE_18_06_28","Lake Erie","18_06_28","2018","06","28","06/28","2018 Lake Erie","No change"
"Mae3_2",0.0389582390633088,2.1326390875735,0.126432894167769,0.899817667382025,0.989717175529642,-4.66727251703521,"Not Significant","logqc_LE_18_06_28","Lake Erie","18_06_28","2018","06","28","06/28","2018 Lake Erie","No change"
"Mfl_ae4",0.027387753971447,0.382581399728643,0.102111890325718,0.919012924188201,0.989717175529642,-4.66765753947037,"Not Significant","logqc_LE_18_06_28","Lake Erie","18_06_28","2018","06","28","06/28","2018 Lake Erie","No change"
"Mae6",0.012026501847643,0.443698948490892,0.03716098969844,0.970481660401435,0.989717175529642,-4.66828427566214,"Not Significant","logqc_LE_18_06_28","Lake Erie","18_06_28","2018","06","28","06/28","2018 Lake Erie","No change"
"Mvi",-0.00476679025932691,1.98155085092961,-0.0129425086820095,0.989717175529642,0.989717175529642,-4.66836836058194,"Not Significant","logqc_LE_18_06_28","Lake Erie","18_06_28","2018","06","28","06/28","2018 Lake Erie","No change"
"Mfl_ae6",0.51525284307753,0.746447175377668,2.41265944394598,0.0189521727675345,0.454852146420829,-3.77563273831963,"Not Significant","logqc_LE_18_07_10","Lake Erie","18_07_10","2018","07","10","07/10","2018 Lake Erie","No change"
"Mae2_(HL/LG)",0.569706732259697,4.13135093350547,1.82815896630577,0.0725651038070868,0.594208813211532,-4.2096059221396,"Not Significant","logqc_LE_18_07_10","Lake Erie","18_07_10","2018","07","10","07/10","2018 Lake Erie","No change"
"Mfl_ae4",-0.470348224569331,0.382581399728643,-1.75363581738726,0.0846684378027787,0.594208813211532,-4.2580098475783,"Not Significant","logqc_LE_18_07_10","Lake Erie","18_07_10","2018","07","10","07/10","2018 Lake Erie","No change"
"Mae9",-0.187008108041803,0.0650762610075088,-1.67588395480351,0.0990348022019221,0.594208813211532,-4.30670134987057,"Not Significant","logqc_LE_18_07_10","Lake Erie","18_07_10","2018","07","10","07/10","2018 Lake Erie","No change"
"Mpa",0.353032600206582,0.416567268566533,1.53013270462164,0.131309845411401,0.630287257974725,-4.39285280220869,"Not Significant","logqc_LE_18_07_10","Lake Erie","18_07_10","2018","07","10","07/10","2018 Lake Erie","No change"
"Mfl_ae1",-0.507671932276822,1.80094808376827,-1.37073634421076,0.175631609880564,0.702526439522256,-4.47915205777155,"Not Significant","logqc_LE_18_07_10","Lake Erie","18_07_10","2018","07","10","07/10","2018 Lake Erie","No change"
"Mfl_ae2",-0.339523152971755,0.681920702234415,-1.1678750413705,0.247538865838757,0.824599677680032,-4.57652159141737,"Not Significant","logqc_LE_18_07_10","Lake Erie","18_07_10","2018","07","10","07/10","2018 Lake Erie","No change"
"Mfl_ae5",0.0857939218735331,0.0337903604092532,1.09183087527589,0.279330693913838,0.824599677680032,-4.60930979236421,"Not Significant","logqc_LE_18_07_10","Lake Erie","18_07_10","2018","07","10","07/10","2018 Lake Erie","No change"
"Mae1",-0.269981130505394,1.52988750923621,-0.970719763568627,0.335637042683417,0.824599677680032,-4.65724337190699,"Not Significant","logqc_LE_18_07_10","Lake Erie","18_07_10","2018","07","10","07/10","2018 Lake Erie","No change"
"Mae10",-0.32524106158507,2.20965348592617,-0.863709793948988,0.391233024167654,0.824599677680032,-4.69513795022252,"Not Significant","logqc_LE_18_07_10","Lake Erie","18_07_10","2018","07","10","07/10","2018 Lake Erie","No change"
"Mae5",0.367207441805409,1.46052929978883,0.855821302113273,0.395547070995794,0.824599677680032,-4.69776387052486,"Not Significant","logqc_LE_18_07_10","Lake Erie","18_07_10","2018","07","10","07/10","2018 Lake Erie","No change"
"Mn",-0.197270090462686,0.355918475642101,-0.742478557352093,0.46073319058089,0.824599677680032,-4.73292556417028,"Not Significant","logqc_LE_18_07_10","Lake Erie","18_07_10","2018","07","10","07/10","2018 Lake Erie","No change"
"Mae3_2",-0.21762605523296,2.1326390875735,-0.706271450429389,0.482789551452711,0.824599677680032,-4.74313904515919,"Not Significant","logqc_LE_18_07_10","Lake Erie","18_07_10","2018","07","10","07/10","2018 Lake Erie","No change"
"Mae6",-0.187008108041803,0.443698948490892,-0.577841043430942,0.56556277989687,0.824599677680032,-4.77534484812104,"Not Significant","logqc_LE_18_07_10","Lake Erie","18_07_10","2018","07","10","07/10","2018 Lake Erie","No change"
"Unknown",-0.109346915231239,0.167634640982776,-0.525279544846828,0.601350619160107,0.824599677680032,-4.7867018619266,"Not Significant","logqc_LE_18_07_10","Lake Erie","18_07_10","2018","07","10","07/10","2018 Lake Erie","No change"
"Mvi",0.192541455662566,1.98155085092961,0.522777241285918,0.603080233707077,0.824599677680032,-4.78721597055526,"Not Significant","logqc_LE_18_07_10","Lake Erie","18_07_10","2018","07","10","07/10","2018 Lake Erie","No change"
"Mae2_(LL/LG)",-0.183568976225719,2.28513114992583,-0.477985240666739,0.634420900890761,0.824599677680032,-4.79600905010176,"Not Significant","logqc_LE_18_07_10","Lake Erie","18_07_10","2018","07","10","07/10","2018 Lake Erie","No change"
"Mwe",-0.143296514182471,0.964995316241231,-0.458419084491746,0.648329718690896,0.824599677680032,-4.79960613270859,"Not Significant","logqc_LE_18_07_10","Lake Erie","18_07_10","2018","07","10","07/10","2018 Lake Erie","No change"
"Mae4",-0.105809922800859,2.3471551786472,-0.407272799919141,0.685276465929375,0.824599677680032,-4.80830630551025,"Not Significant","logqc_LE_18_07_10","Lake Erie","18_07_10","2018","07","10","07/10","2018 Lake Erie","No change"
"Mae3_1",-0.0860434594636716,3.6700616749069,-0.404686469167522,0.687166398066693,0.824599677680032,-4.80871920289997,"Not Significant","logqc_LE_18_07_10","Lake Erie","18_07_10","2018","07","10","07/10","2018 Lake Erie","No change"
"Mae3_3",0.0767723960712305,2.92374632193307,0.257597877009265,0.797610522511683,0.873141785901664,-4.82789858128228,"Not Significant","logqc_LE_18_07_10","Lake Erie","18_07_10","2018","07","10","07/10","2018 Lake Erie","No change"
"Mae8",-0.0870468721056328,1.39470259808099,-0.237529669173945,0.813065973478347,0.873141785901664,-4.82985774284525,"Not Significant","logqc_LE_18_07_10","Lake Erie","18_07_10","2018","07","10","07/10","2018 Lake Erie","No change"
"Mfl_ae3",0.0623948584527414,0.899025058622388,0.206947626410808,0.836760878155761,0.873141785901664,-4.8325387601211,"Not Significant","logqc_LE_18_07_10","Lake Erie","18_07_10","2018","07","10","07/10","2018 Lake Erie","No change"
"Unknown",-1.17892685673162e-17,0.0672416368619685,-5.39356093067428e-17,1,1,-4.84099228409787,"Not Significant","logqc_LE_18_07_10","Lake Erie","18_07_10","2018","07","10","07/10","2018 Lake Erie","No change"
"Mae3_1",0.259846454385597,3.6700616749069,1.22213059314991,0.226501704774218,0.87900258853945,-4.56725511134128,"Not Significant","logqc_LE_18_07_25","Lake Erie","18_07_25","2018","07","25","07/25","2018 Lake Erie","No change"
"Unknown",0.254349572717642,0.167634640982776,1.22184176395439,0.226610123666932,0.87900258853945,-4.56730180674485,"Not Significant","logqc_LE_18_07_25","Lake Erie","18_07_25","2018","07","25","07/25","2018 Lake Erie","No change"
"Mae10",0.442209675880451,2.20965348592617,1.17433151329526,0.244964250447077,0.87900258853945,-4.57484591481246,"Not Significant","logqc_LE_18_07_25","Lake Erie","18_07_25","2018","07","25","07/25","2018 Lake Erie","No change"
"Mfl_ae4",0.29494355434385,0.382581399728643,1.09966096178735,0.275931295074261,0.87900258853945,-4.58614749120672,"Not Significant","logqc_LE_18_07_25","Lake Erie","18_07_25","2018","07","25","07/25","2018 Lake Erie","No change"
"Mfl_ae2",-0.302489675121505,0.681920702234415,-1.0404891058374,0.302343239938753,0.87900258853945,-4.59461484435241,"Not Significant","logqc_LE_18_07_25","Lake Erie","18_07_25","2018","07","25","07/25","2018 Lake Erie","No change"
"Mfl_ae1",-0.373698991742587,1.80094808376827,-1.00900356550964,0.317078996247498,0.87900258853945,-4.59894227262853,"Not Significant","logqc_LE_18_07_25","Lake Erie","18_07_25","2018","07","25","07/25","2018 Lake Erie","No change"
"Mae4",-0.248698435354073,2.3471551786472,-0.957264738703133,0.342326413157967,0.87900258853945,-4.60578218462761,"Not Significant","logqc_LE_18_07_25","Lake Erie","18_07_25","2018","07","25","07/25","2018 Lake Erie","No change"
"Mvi",-0.340912108134872,1.98155085092961,-0.925624514463276,0.358398880391545,0.87900258853945,-4.60979770655512,"Not Significant","logqc_LE_18_07_25","Lake Erie","18_07_25","2018","07","25","07/25","2018 Lake Erie","No change"
"Mwe",0.248231787761766,0.964995316241231,0.79411693673577,0.430298937380781,0.87900258853945,-4.62510932677155,"Not Significant","logqc_LE_18_07_25","Lake Erie","18_07_25","2018","07","25","07/25","2018 Lake Erie","No change"
"Mn",-0.199343348293859,0.355918475642101,-0.750281815716791,0.456056435881084,0.87900258853945,-4.62971375010122,"Not Significant","logqc_LE_18_07_25","Lake Erie","18_07_25","2018","07","25","07/25","2018 Lake Erie","No change"
"Mae6",-0.22591571344345,0.443698948490892,-0.698062629211925,0.487870759905721,0.87900258853945,-4.63486920163469,"Not Significant","logqc_LE_18_07_25","Lake Erie","18_07_25","2018","07","25","07/25","2018 Lake Erie","No change"
"Mae2_(LL/LG)",0.223251959928537,2.28513114992583,0.581313596609864,0.563235810081429,0.87900258853945,-4.64508667268283,"Not Significant","logqc_LE_18_07_25","Lake Erie","18_07_25","2018","07","25","07/25","2018 Lake Erie","No change"
"Mfl_ae6",0.121948949394698,0.746447175377668,0.571023116881932,0.570145227837021,0.87900258853945,-4.64589988113388,"Not Significant","logqc_LE_18_07_25","Lake Erie","18_07_25","2018","07","25","07/25","2018 Lake Erie","No change"
"Unknown",-0.123819902574283,0.0672416368619685,-0.566472962382077,0.573213533533642,0.87900258853945,-4.64625492232942,"Not Significant","logqc_LE_18_07_25","Lake Erie","18_07_25","2018","07","25","07/25","2018 Lake Erie","No change"
"Mae5",-0.209959463472982,1.46052929978883,-0.489335892913827,0.626412009594622,0.87900258853945,-4.65184915564304,"Not Significant","logqc_LE_18_07_25","Lake Erie","18_07_25","2018","07","25","07/25","2018 Lake Erie","No change"
"Mae9",-0.0509112306777909,0.0650762610075088,-0.456243932445633,0.649883870035529,0.87900258853945,-4.65400233504881,"Not Significant","logqc_LE_18_07_25","Lake Erie","18_07_25","2018","07","25","07/25","2018 Lake Erie","No change"
"Mae8",-0.120352813625443,1.39470259808099,-0.328413454878813,0.743757819633941,0.87900258853945,-4.66091859101408,"Not Significant","logqc_LE_18_07_25","Lake Erie","18_07_25","2018","07","25","07/25","2018 Lake Erie","No change"
"Mae3_3",-0.0960261802127031,2.92374632193307,-0.322200965789199,0.7484354344822,0.87900258853945,-4.66119775372385,"Not Significant","logqc_LE_18_07_25","Lake Erie","18_07_25","2018","07","25","07/25","2018 Lake Erie","No change"
"Mae3_2",-0.094004666321533,2.1326390875735,-0.305077496161795,0.7613770882408,0.87900258853945,-4.6619397831285,"Not Significant","logqc_LE_18_07_25","Lake Erie","18_07_25","2018","07","25","07/25","2018 Lake Erie","No change"
"Mae2_(HL/LG)",-0.0906572697446233,4.13135093350547,-0.290914414662181,0.772133481447473,0.87900258853945,-4.66252309124268,"Not Significant","logqc_LE_18_07_25","Lake Erie","18_07_25","2018","07","25","07/25","2018 Lake Erie","No change"
"Mpa",0.0650288944668584,0.416567268566533,0.281851698995798,0.779040102029828,0.87900258853945,-4.66288187157163,"Not Significant","logqc_LE_18_07_25","Lake Erie","18_07_25","2018","07","25","07/25","2018 Lake Erie","No change"
"Mae1",0.0687005349943047,1.52988750923621,0.247013437427537,0.805752372827829,0.87900258853945,-4.66415583102877,"Not Significant","logqc_LE_18_07_25","Lake Erie","18_07_25","2018","07","25","07/25","2018 Lake Erie","No change"
"Mfl_ae3",-0.0489701169523924,0.899025058622388,-0.162421226999547,0.87152724012937,0.909419728830646,-4.66655262975502,"Not Significant","logqc_LE_18_07_25","Lake Erie","18_07_25","2018","07","25","07/25","2018 Lake Erie","No change"
"Mfl_ae5",-1.29238306965219e-17,0.0337903604092532,-1.64471294389608e-16,1,1,-4.66837996837166,"Not Significant","logqc_LE_18_07_25","Lake Erie","18_07_25","2018","07","25","07/25","2018 Lake Erie","No change"
"Mpa",-0.480045352602499,0.416567268566533,-2.08063814301821,0.0418027412653474,0.534932919501325,-4.38752440720618,"Not Significant","logqc_LE_18_08_15","Lake Erie","18_08_15","2018","08","15","08/15","2018 Lake Erie","No change"
"Mwe",0.641500809745608,0.964995316241231,2.05222168579637,0.0445777432917771,0.534932919501325,-4.39467005857232,"Not Significant","logqc_LE_18_08_15","Lake Erie","18_08_15","2018","08","15","08/15","2018 Lake Erie","No change"
"Mae8",-0.513277708612143,1.39470259808099,-1.40060959540341,0.166550279190409,0.985461892239479,-4.53651115281241,"Not Significant","logqc_LE_18_08_15","Lake Erie","18_08_15","2018","08","15","08/15","2018 Lake Erie","No change"
"Mfl_ae1",-0.51651830251053,1.80094808376827,-1.39462192941399,0.168340895677572,0.985461892239479,-4.53760281708476,"Not Significant","logqc_LE_18_08_15","Lake Erie","18_08_15","2018","08","15","08/15","2018 Lake Erie","No change"
"Mvi",0.377782102750416,1.98155085092961,1.02573175632978,0.309190780527856,0.985461892239479,-4.59665859801173,"Not Significant","logqc_LE_18_08_15","Lake Erie","18_08_15","2018","08","15","08/15","2018 Lake Erie","No change"
"Mae10",-0.381343514304129,2.20965348592617,-1.01269540370521,0.315326562851321,0.985461892239479,-4.59844129863247,"Not Significant","logqc_LE_18_08_15","Lake Erie","18_08_15","2018","08","15","08/15","2018 Lake Erie","No change"
"Mfl_ae6",-0.207397073641366,0.746447175377668,-0.971131969653799,0.335433479644081,0.985461892239479,-4.60398214501107,"Not Significant","logqc_LE_18_08_15","Lake Erie","18_08_15","2018","08","15","08/15","2018 Lake Erie","No change"
"Mae4",-0.249786497269719,2.3471551786472,-0.961452796034056,0.340234945901133,0.985461892239479,-4.60524112441421,"Not Significant","logqc_LE_18_08_15","Lake Erie","18_08_15","2018","08","15","08/15","2018 Lake Erie","No change"
"Unknown",-0.188228698778486,0.167634640982776,-0.904211015119951,0.369548209589804,0.985461892239479,-4.61244281393055,"Not Significant","logqc_LE_18_08_15","Lake Erie","18_08_15","2018","08","15","08/15","2018 Lake Erie","No change"
"Mae9",-0.0919018323062942,0.0650762610075088,-0.82358357502196,0.413481551587254,0.99235572380941,-4.62187308188249,"Not Significant","logqc_LE_18_08_15","Lake Erie","18_08_15","2018","08","15","08/15","2018 Lake Erie","No change"
"Mn",0.1690236767622,0.355918475642101,0.636165651804586,0.52712024539011,0.998092107743915,-4.64051255978089,"Not Significant","logqc_LE_18_08_15","Lake Erie","18_08_15","2018","08","15","08/15","2018 Lake Erie","No change"
"Mfl_ae3",0.181830741937441,0.899025058622388,0.603085596884084,0.548755172285859,0.998092107743915,-4.64331930312582,"Not Significant","logqc_LE_18_08_15","Lake Erie","18_08_15","2018","08","15","08/15","2018 Lake Erie","No change"
"Mae5",0.234225421057707,1.46052929978883,0.545890638414301,0.587192233182984,0.998092107743915,-4.64782613441776,"Not Significant","logqc_LE_18_08_15","Lake Erie","18_08_15","2018","08","15","08/15","2018 Lake Erie","No change"
"Mae3_2",-0.110976101250698,2.1326390875735,-0.360155643631122,0.720012418405366,0.998092107743915,-4.6594096378007,"Not Significant","logqc_LE_18_08_15","Lake Erie","18_08_15","2018","08","15","08/15","2018 Lake Erie","No change"
"Mae2_(HL/LG)",0.112193886402879,4.13135093350547,0.360024285790986,0.720110133502626,0.998092107743915,-4.65941616669912,"Not Significant","logqc_LE_18_08_15","Lake Erie","18_08_15","2018","08","15","08/15","2018 Lake Erie","No change"
"Mae2_(LL/LG)",-0.117819045403871,2.28513114992583,-0.306782583475588,0.760085267053718,0.998092107743915,-4.6618676999546,"Not Significant","logqc_LE_18_08_15","Lake Erie","18_08_15","2018","08","15","08/15","2018 Lake Erie","No change"
"Mae1",-0.0799265950969745,1.52988750923621,-0.287376845004471,0.774827265773087,0.998092107743915,-4.66266448268048,"Not Significant","logqc_LE_18_08_15","Lake Erie","18_08_15","2018","08","15","08/15","2018 Lake Erie","No change"
"Mae3_3",-0.0713664525898752,2.92374632193307,-0.23945907145815,0.811576697511816,0.998092107743915,-4.66441002275882,"Not Significant","logqc_LE_18_08_15","Lake Erie","18_08_15","2018","08","15","08/15","2018 Lake Erie","No change"
"Mfl_ae4",-0.0517989894763933,0.382581399728643,-0.193126195667992,0.847521145181293,0.998092107743915,-4.66579686823532,"Not Significant","logqc_LE_18_08_15","Lake Erie","18_08_15","2018","08","15","08/15","2018 Lake Erie","No change"
"Mae3_1",0.0353047711001784,3.6700616749069,0.166048218543921,0.86868475697707,0.998092107743915,-4.66647014255738,"Not Significant","logqc_LE_18_08_15","Lake Erie","18_08_15","2018","08","15","08/15","2018 Lake Erie","No change"
"Mae6",-0.0518204429563252,0.443698948490892,-0.160121286410977,0.873330594275926,0.998092107743915,-4.66660399410794,"Not Significant","logqc_LE_18_08_15","Lake Erie","18_08_15","2018","08","15","08/15","2018 Lake Erie","No change"
"Mfl_ae2",0.00129253126964146,0.681920702234415,0.00444598548521008,0.996467575629769,1,-4.66837859859522,"Not Significant","logqc_LE_18_08_15","Lake Erie","18_08_15","2018","08","15","08/15","2018 Lake Erie","No change"
"Mfl_ae5",0,0.0337903604092532,0,1,1,-4.66837996837166,"Not Significant","logqc_LE_18_08_15","Lake Erie","18_08_15","2018","08","15","08/15","2018 Lake Erie","No change"
"Unknown",0,0.0672416368619685,0,1,1,-4.66837996837166,"Not Significant","logqc_LE_18_08_15","Lake Erie","18_08_15","2018","08","15","08/15","2018 Lake Erie","No change"
"Mae1",-0.992789881927465,1.52988750923621,-2.98652959438372,0.00409969407440683,0.0983926577857639,-1.99686513205843,"Not Significant","logqc_LE_18_10_4","Lake Erie","18_10_4","2018","10","4","10/4","2018 Lake Erie","No change"
"Mfl_ae1",-1.12131753794182,1.80094808376827,-2.53307710493661,0.0139755244286141,0.167706293143369,-3.02460137159397,"Not Significant","logqc_LE_18_10_4","Lake Erie","18_10_4","2018","10","4","10/4","2018 Lake Erie","No change"
"Mae2_(HL/LG)",0.779258327287138,4.13135093350547,2.09215124495379,0.0407218452047126,0.325774761637701,-3.89401970649087,"Not Significant","logqc_LE_18_10_4","Lake Erie","18_10_4","2018","10","4","10/4","2018 Lake Erie","No change"
"Mae2_(LL/LG)",0.867854761637522,2.28513114992583,1.89065057619703,0.0635678424237444,0.381407054542466,-4.244477684422,"Not Significant","logqc_LE_18_10_4","Lake Erie","18_10_4","2018","10","4","10/4","2018 Lake Erie","No change"
"Mae6",0.641952848091006,0.443698948490892,1.65958728797944,0.102285983085172,0.490972718808826,-4.60775578704941,"Not Significant","logqc_LE_18_10_4","Lake Erie","18_10_4","2018","10","4","10/4","2018 Lake Erie","No change"
"Mvi",-0.650734146891567,1.98155085092961,-1.47824030187679,0.144644164931904,0.523446897011171,-4.862820491136,"Not Significant","logqc_LE_18_10_4","Lake Erie","18_10_4","2018","10","4","10/4","2018 Lake Erie","No change"
"Mae9",-0.193229366598317,0.0650762610075088,-1.44879072416867,0.152672011628258,0.523446897011171,-4.90168163604828,"Not Significant","logqc_LE_18_10_4","Lake Erie","18_10_4","2018","10","4","10/4","2018 Lake Erie","No change"
"Mfl_ae4",0.391105456585207,0.382581399728643,1.22000832257151,0.227299234817265,0.681897704451795,-5.17864692066452,"Not Significant","logqc_LE_18_10_4","Lake Erie","18_10_4","2018","10","4","10/4","2018 Lake Erie","No change"
"Mae3_2",-0.412728710261745,2.1326390875735,-1.12066152430594,0.266957253559497,0.711886009491992,-5.28492212485662,"Not Significant","logqc_LE_18_10_4","Lake Erie","18_10_4","2018","10","4","10/4","2018 Lake Erie","No change"
"Mae8",-0.433575116543195,1.39470259808099,-0.989869774495622,0.32626615551872,0.783038773244928,-5.41165335186714,"Not Significant","logqc_LE_18_10_4","Lake Erie","18_10_4","2018","10","4","10/4","2018 Lake Erie","No change"
"Mae10",0.415396885895765,2.20965348592617,0.922942682289624,0.359783223252498,0.78498157800545,-5.4706406522202,"Not Significant","logqc_LE_18_10_4","Lake Erie","18_10_4","2018","10","4","10/4","2018 Lake Erie","No change"
"Mae4",-0.238198735750386,2.3471551786472,-0.767092048381351,0.446075082221754,0.809570970795812,-5.59243236601332,"Not Significant","logqc_LE_18_10_4","Lake Erie","18_10_4","2018","10","4","10/4","2018 Lake Erie","No change"
"Mfl_ae2",0.239225516185413,0.681920702234415,0.688467592973223,0.493847346196636,0.809570970795812,-5.6455306834557,"Not Significant","logqc_LE_18_10_4","Lake Erie","18_10_4","2018","10","4","10/4","2018 Lake Erie","No change"
"Mae5",-0.329488080959028,1.46052929978883,-0.642481086154776,0.523041143549272,0.809570970795812,-5.67397361296421,"Not Significant","logqc_LE_18_10_4","Lake Erie","18_10_4","2018","10","4","10/4","2018 Lake Erie","No change"
"Mpa",0.166345421329584,0.416567268566533,0.603217812907866,0.548667813727115,0.809570970795812,-5.69672537091761,"Not Significant","logqc_LE_18_10_4","Lake Erie","18_10_4","2018","10","4","10/4","2018 Lake Erie","No change"
"Mn",0.184591954084438,0.355918475642101,0.58127876707503,0.56325912594713,0.809570970795812,-5.70882191992769,"Not Significant","logqc_LE_18_10_4","Lake Erie","18_10_4","2018","10","4","10/4","2018 Lake Erie","No change"
"Mae3_1",0.143868335945254,3.6700616749069,0.566128555072817,0.5734461043137,0.809570970795812,-5.71691692134668,"Not Significant","logqc_LE_18_10_4","Lake Erie","18_10_4","2018","10","4","10/4","2018 Lake Erie","No change"
"Mwe",-0.157464220051045,0.964995316241231,-0.421461559651632,0.674944365991417,0.89992582132189,-5.78354512970952,"Not Significant","logqc_LE_18_10_4","Lake Erie","18_10_4","2018","10","4","10/4","2018 Lake Erie","No change"
"Mae3_3",-0.118579152221402,2.92374632193307,-0.332885244755565,0.740396822554994,0.90897074607871,-5.81476473566814,"Not Significant","logqc_LE_18_10_4","Lake Erie","18_10_4","2018","10","4","10/4","2018 Lake Erie","No change"
"Mfl_ae6",0.0684033974511473,0.746447175377668,0.267979961162183,0.789646200021732,0.90897074607871,-5.83300426708723,"Not Significant","logqc_LE_18_10_4","Lake Erie","18_10_4","2018","10","4","10/4","2018 Lake Erie","No change"
"Unknown",-0.0648254590568405,0.167634640982776,-0.260542498908229,0.795349402818871,0.90897074607871,-5.83484340541814,"Not Significant","logqc_LE_18_10_4","Lake Erie","18_10_4","2018","10","4","10/4","2018 Lake Erie","No change"
"Mfl_ae3",0.0241508649907782,0.899025058622388,0.0670182920811581,0.946792952830242,1,-5.86452037394725,"Not Significant","logqc_LE_18_10_4","Lake Erie","18_10_4","2018","10","4","10/4","2018 Lake Erie","No change"
"Mfl_ae5",0,0.0337903604092532,0,1,1,-5.86662438232724,"Not Significant","logqc_LE_18_10_4","Lake Erie","18_10_4","2018","10","4","10/4","2018 Lake Erie","No change"
"Unknown",0,0.0672416368619685,0,1,1,-5.86662438232724,"Not Significant","logqc_LE_18_10_4","Lake Erie","18_10_4","2018","10","4","10/4","2018 Lake Erie","No change"
"Mae3_2",-1.16016178526416,2.1326390875735,-3.76512429053657,0.000384909441264185,0.00614798266573078,-0.0691349190581114,"Decreased","logqc_LH_19_06_12","Lake Huron","19_06_12","2019","06","12","06/12","2019 Lake Huron","2019 Lake Huron"
"Mfl_ae3",1.07613364788548,0.899025058622388,3.56925730185577,0.000717625758429734,0.00614798266573078,-0.639747203714292,"Increased","logqc_LH_19_06_12","Lake Huron","19_06_12","2019","06","12","06/12","2019 Lake Huron","2019 Lake Huron"
"Unknown",0.738454518293232,0.167634640982776,3.54737993695441,0.000768497833216348,0.00614798266573078,-0.702300829572069,"Increased","logqc_LH_19_06_12","Lake Huron","19_06_12","2019","06","12","06/12","2019 Lake Huron","2019 Lake Huron"
"Mae1",0.838957273892564,1.52988750923621,3.01647898515226,0.00376485727858514,0.0225891436715109,-2.1405661219801,"Increased","logqc_LH_19_06_12","Lake Huron","19_06_12","2019","06","12","06/12","2019 Lake Huron","2019 Lake Huron"
"Unknown",0.550082696456502,0.0672416368619685,2.51661460022465,0.0145776851646907,0.0699728887905152,-3.33745029258909,"Not Significant","logqc_LH_19_06_12","Lake Huron","19_06_12","2019","06","12","06/12","2019 Lake Huron","No change"
"Mae3_3",-0.572569059101227,2.92374632193307,-1.92116674239036,0.059529393155905,0.23811757262362,-4.53095272589615,"Not Significant","logqc_LH_19_06_12","Lake Huron","19_06_12","2019","06","12","06/12","2019 Lake Huron","No change"
"Mae4",0.47604400368271,2.3471551786472,1.83234019203917,0.0719313943584765,0.24586715238413,-4.68522255501833,"Not Significant","logqc_LH_19_06_12","Lake Huron","19_06_12","2019","06","12","06/12","2019 Lake Huron","No change"
"Mae2_(LL/LG)",-0.67930077959914,2.28513114992583,-1.76879423363209,0.0820792287887352,0.24586715238413,-4.791599635639,"Not Significant","logqc_LH_19_06_12","Lake Huron","19_06_12","2019","06","12","06/12","2019 Lake Huron","No change"
"Mpa",0.394906635587785,0.416567268566533,1.71162537972805,0.0922001821440489,0.24586715238413,-4.88442249787943,"Not Significant","logqc_LH_19_06_12","Lake Huron","19_06_12","2019","06","12","06/12","2019 Lake Huron","No change"
"Mae8",0.492787955897695,1.39470259808099,1.34469806100832,0.183851920231288,0.424490896614493,-5.41341659150679,"Not Significant","logqc_LH_19_06_12","Lake Huron","19_06_12","2019","06","12","06/12","2019 Lake Huron","No change"
"Mfl_ae1",-0.485947056043761,1.80094808376827,-1.31207823149497,0.194558327614976,0.424490896614493,-5.45471441827182,"Not Significant","logqc_LH_19_06_12","Lake Huron","19_06_12","2019","06","12","06/12","2019 Lake Huron","No change"
"Mn",-0.300348445377992,0.355918475642101,-1.13044141615262,0.262849079722232,0.488111064850284,-5.66708436257164,"Not Significant","logqc_LH_19_06_12","Lake Huron","19_06_12","2019","06","12","06/12","2019 Lake Huron","No change"
"Mae2_(HL/LG)",-0.351128282355725,4.13135093350547,-1.12675220664155,0.26439349346057,0.488111064850284,-5.67108590216246,"Not Significant","logqc_LH_19_06_12","Lake Huron","19_06_12","2019","06","12","06/12","2019 Lake Huron","No change"
"Mae6",-0.344895095135745,0.443698948490892,-1.06570000485168,0.290886105957173,0.498661895926582,-5.73548578491137,"Not Significant","logqc_LH_19_06_12","Lake Huron","19_06_12","2019","06","12","06/12","2019 Lake Huron","No change"
"Mae3_1",-0.181206930742304,3.6700616749069,-0.852266906141171,0.397500490676211,0.636000785081937,-5.93335696538712,"Not Significant","logqc_LH_19_06_12","Lake Huron","19_06_12","2019","06","12","06/12","2019 Lake Huron","No change"
"Mfl_ae4",0.196755930466393,0.382581399728643,0.733580417498449,0.466099548440335,0.699149322660502,-6.02480582979931,"Not Significant","logqc_LH_19_06_12","Lake Huron","19_06_12","2019","06","12","06/12","2019 Lake Huron","No change"
"Mae5",0.247351193878956,1.46052929978883,0.576481837579258,0.566474876442531,0.799729237330632,-6.12514283148607,"Not Significant","logqc_LH_19_06_12","Lake Huron","19_06_12","2019","06","12","06/12","2019 Lake Huron","No change"
"Mae10",-0.193753644885912,2.20965348592617,-0.514531959420213,0.608795620627901,0.811727494170534,-6.15817200754426,"Not Significant","logqc_LH_19_06_12","Lake Huron","19_06_12","2019","06","12","06/12","2019 Lake Huron","No change"
"Mvi",0.16674804688885,1.98155085092961,0.452744494126706,0.652387506101237,0.824068428759457,-6.18741076020628,"Not Significant","logqc_LH_19_06_12","Lake Huron","19_06_12","2019","06","12","06/12","2019 Lake Huron","No change"
"Mwe",-0.0326111145220342,0.964995316241231,-0.104326035763926,0.917263238832291,1,-6.2825762456389,"Not Significant","logqc_LH_19_06_12","Lake Huron","19_06_12","2019","06","12","06/12","2019 Lake Huron","No change"
"Mfl_ae2",0.0163690651235745,0.681920702234415,0.0563055050622168,0.955288025549197,1,-6.28636494394222,"Not Significant","logqc_LH_19_06_12","Lake Huron","19_06_12","2019","06","12","06/12","2019 Lake Huron","No change"
"Mae9",0,0.0650762610075088,0,1,1,-6.28792225449712,"Not Significant","logqc_LH_19_06_12","Lake Huron","19_06_12","2019","06","12","06/12","2019 Lake Huron","No change"
"Mfl_ae5",0,0.0337903604092532,0,1,1,-6.28792225449712,"Not Significant","logqc_LH_19_06_12","Lake Huron","19_06_12","2019","06","12","06/12","2019 Lake Huron","No change"
"Mfl_ae6",0,0.746447175377668,0,1,1,-6.28792225449712,"Not Significant","logqc_LH_19_06_12","Lake Huron","19_06_12","2019","06","12","06/12","2019 Lake Huron","No change"
"Mfl_ae5",-0.382618186008777,0.0337903604092532,-4.86927674832534,8.69889753756437e-06,0.000208773540901545,3.34004241880608,"Decreased","logqc_LE_19_07_18","Lake Erie","19_07_18","2019","07","18","07/18","2019 Lake Erie","2019 Lake Erie"
"Mae6",-1.33699529566681,0.443698948490892,-4.13121529756171,0.000114989218227186,0.00137987061872624,0.891444757889458,"Decreased","logqc_LE_19_07_18","Lake Erie","19_07_18","2019","07","18","07/18","2019 Lake Erie","2019 Lake Erie"
"Mae3_3",1.15218886164723,2.92374632193307,3.86599116170179,0.000277443586103455,0.00221954868882764,0.0633212470932545,"Increased","logqc_LE_19_07_18","Lake Erie","19_07_18","2019","07","18","07/18","2019 Lake Erie","2019 Lake Erie"
"Mae1",-1.01842613866734,1.52988750923621,-3.66176102266345,0.00053587722719914,0.00321526336319484,-0.55223590310187,"Decreased","logqc_LE_19_07_18","Lake Erie","19_07_18","2019","07","18","07/18","2019 Lake Erie","2019 Lake Erie"
"Mae5",1.44611718705054,1.46052929978883,3.37035079666445,0.001326393128736,0.00636668701793281,-1.39380091442421,"Increased","logqc_LE_19_07_18","Lake Erie","19_07_18","2019","07","18","07/18","2019 Lake Erie","2019 Lake Erie"
"Mfl_ae2",0.483028961069732,0.681920702234415,1.66149926140498,0.101900091201211,0.381093208039695,-5.22065288130884,"Not Significant","logqc_LE_19_07_18","Lake Erie","19_07_18","2019","07","18","07/18","2019 Lake Erie","No change"
"Mae8",-0.572663227216155,1.39470259808099,-1.56265818194672,0.123462940757439,0.381093208039695,-5.37271695924457,"Not Significant","logqc_LE_19_07_18","Lake Erie","19_07_18","2019","07","18","07/18","2019 Lake Erie","No change"
"Mae3_1",0.326825936285918,3.6700616749069,1.53715384077229,0.129583229424998,0.381093208039695,-5.4105655268936,"Not Significant","logqc_LE_19_07_18","Lake Erie","19_07_18","2019","07","18","07/18","2019 Lake Erie","No change"
"Mwe",-0.464121923337652,0.964995316241231,-1.48476987317407,0.142909953014886,0.381093208039695,-5.48649954668669,"Not Significant","logqc_LE_19_07_18","Lake Erie","19_07_18","2019","07","18","07/18","2019 Lake Erie","No change"
"Mae9",0.106175740249897,0.0650762610075088,0.951500024985074,0.345219004516922,0.799934019636098,-6.11734840552495,"Not Significant","logqc_LE_19_07_18","Lake Erie","19_07_18","2019","07","18","07/18","2019 Lake Erie","No change"
"Mfl_ae3",-0.259234899796716,0.899025058622388,-0.859815191926553,0.393359225692956,0.799934019636098,-6.1989879812624,"Not Significant","logqc_LE_19_07_18","Lake Erie","19_07_18","2019","07","18","07/18","2019 Lake Erie","No change"
"Mae10",-0.288669020308024,2.20965348592617,-0.766589122648297,0.446371839743689,0.799934019636098,-6.27372718614958,"Not Significant","logqc_LE_19_07_18","Lake Erie","19_07_18","2019","07","18","07/18","2019 Lake Erie","No change"
"Mae4",0.184155947588662,2.3471551786472,0.708834355142241,0.481209189313485,0.799934019636098,-6.3158157115347,"Not Significant","logqc_LE_19_07_18","Lake Erie","19_07_18","2019","07","18","07/18","2019 Lake Erie","No change"
"Mfl_ae6",0.14793659780803,0.746447175377668,0.692709675651564,0.491200079582966,0.799934019636098,-6.32698837274143,"Not Significant","logqc_LE_19_07_18","Lake Erie","19_07_18","2019","07","18","07/18","2019 Lake Erie","No change"
"Mae3_2",0.209137069167045,2.1326390875735,0.678721768958434,0.499958762272562,0.799934019636098,-6.33647562861741,"Not Significant","logqc_LE_19_07_18","Lake Erie","19_07_18","2019","07","18","07/18","2019 Lake Erie","No change"
"Mvi",0.217754058667084,1.98155085092961,0.591233018765022,0.55661496771215,0.834922451568225,-6.3914851711012,"Not Significant","logqc_LE_19_07_18","Lake Erie","19_07_18","2019","07","18","07/18","2019 Lake Erie","No change"
"Mae2_(HL/LG)",0.137640579376776,4.13135093350547,0.441681386346107,0.66032883562918,0.907131456971485,-6.46814019923571,"Not Significant","logqc_LE_19_07_18","Lake Erie","19_07_18","2019","07","18","07/18","2019 Lake Erie","No change"
"Mpa",0.084098274610084,0.416567268566533,0.364503222387513,0.71678097635571,0.907131456971485,-6.4990731393034,"Not Significant","logqc_LE_19_07_18","Lake Erie","19_07_18","2019","07","18","07/18","2019 Lake Erie","No change"
"Mfl_ae1",-0.125963976381176,1.80094808376827,-0.340108226414287,0.734978773374285,0.907131456971485,-6.50762457174175,"Not Significant","logqc_LE_19_07_18","Lake Erie","19_07_18","2019","07","18","07/18","2019 Lake Erie","No change"
"Unknown",-0.0682531156428283,0.0672416368619685,-0.312256299723738,0.755942880809571,0.907131456971485,-6.51666660204769,"Not Significant","logqc_LE_19_07_18","Lake Erie","19_07_18","2019","07","18","07/18","2019 Lake Erie","No change"
"Mae2_(LL/LG)",-0.0869336070494229,2.28513114992583,-0.226361675822891,0.821699835125728,0.928769153715417,-6.53970263986226,"Not Significant","logqc_LE_19_07_18","Lake Erie","19_07_18","2019","07","18","07/18","2019 Lake Erie","No change"
"Mfl_ae4",-0.0504748780316585,0.382581399728643,-0.188189408125474,0.851371724239133,0.928769153715417,-6.54758613636129,"Not Significant","logqc_LE_19_07_18","Lake Erie","19_07_18","2019","07","18","07/18","2019 Lake Erie","No change"
"Unknown",0.0159199042533644,0.167634640982776,0.0764758662146811,0.939298364598825,0.963176120141572,-6.56232165015175,"Not Significant","logqc_LE_19_07_18","Lake Erie","19_07_18","2019","07","18","07/18","2019 Lake Erie","No change"
"Mn",-0.0123185271371347,0.355918475642101,-0.046364059731662,0.963176120141572,0.963176120141572,-6.5641656598567,"Not Significant","logqc_LE_19_07_18","Lake Erie","19_07_18","2019","07","18","07/18","2019 Lake Erie","No change"
"Mfl_ae3",-0.303132778973232,0.899025058622388,-1.00541311658455,0.318789573681518,0.992539678730338,-4.59942784387708,"Not Significant","logqc_LE_19_07_31","Lake Erie","19_07_31","2019","07","31","07/31","2019 Lake Erie","No change"
"Mae3_1",-0.13564654881146,3.6700616749069,-0.637983679822247,0.525944287582193,0.992539678730338,-4.64035406909069,"Not Significant","logqc_LE_19_07_31","Lake Erie","19_07_31","2019","07","31","07/31","2019 Lake Erie","No change"
"Mae3_3",0.152288295110695,2.92374632193307,0.51097977295743,0.611265490349101,0.992539678730338,-4.65036057912851,"Not Significant","logqc_LE_19_07_31","Lake Erie","19_07_31","2019","07","31","07/31","2019 Lake Erie","No change"
"Mae4",0.124064740659986,2.3471551786472,0.477537389332868,0.634737810022469,0.992539678730338,-4.65263388619974,"Not Significant","logqc_LE_19_07_31","Lake Erie","19_07_31","2019","07","31","07/31","2019 Lake Erie","No change"
"Mae3_2",-0.126879401500397,2.1326390875735,-0.411767326441555,0.681996947058065,0.992539678730338,-4.65666179078721,"Not Significant","logqc_LE_19_07_31","Lake Erie","19_07_31","2019","07","31","07/31","2019 Lake Erie","No change"
"Mae1",-0.112097237183794,1.52988750923621,-0.403046699493596,0.688365681632357,0.992539678730338,-4.65715162997624,"Not Significant","logqc_LE_19_07_31","Lake Erie","19_07_31","2019","07","31","07/31","2019 Lake Erie","No change"
"Mfl_ae5",-0.0302655285123387,0.0337903604092532,-0.385165263047711,0.701495291170095,0.992539678730338,-4.65812356514869,"Not Significant","logqc_LE_19_07_31","Lake Erie","19_07_31","2019","07","31","07/31","2019 Lake Erie","No change"
"Mae9",0.0424446285530665,0.0650762610075088,0.380369988790958,0.705032066808707,0.992539678730338,-4.65837678144959,"Not Significant","logqc_LE_19_07_31","Lake Erie","19_07_31","2019","07","31","07/31","2019 Lake Erie","No change"
"Mfl_ae6",-0.0809811319636745,0.746447175377668,-0.379192265386872,0.705901706478119,0.992539678730338,-4.6584384907796,"Not Significant","logqc_LE_19_07_31","Lake Erie","19_07_31","2019","07","31","07/31","2019 Lake Erie","No change"
"Mae2_(LL/LG)",0.127192145481709,2.28513114992583,0.331188687320663,0.74167136093022,0.992539678730338,-4.66079217286477,"Not Significant","logqc_LE_19_07_31","Lake Erie","19_07_31","2019","07","31","07/31","2019 Lake Erie","No change"
"Mvi",-0.118574502312119,1.98155085092961,-0.321946517918802,0.748627221710253,0.992539678730338,-4.66120907462289,"Not Significant","logqc_LE_19_07_31","Lake Erie","19_07_31","2019","07","31","07/31","2019 Lake Erie","No change"
"Mn",-0.0828905855904262,0.355918475642101,-0.311980808965518,0.756151195380126,0.992539678730338,-4.66164547858943,"Not Significant","logqc_LE_19_07_31","Lake Erie","19_07_31","2019","07","31","07/31","2019 Lake Erie","No change"
"Unknown",0.0581929689609491,0.167634640982776,0.279546763477056,0.78079955668614,0.992539678730338,-4.66297131886892,"Not Significant","logqc_LE_19_07_31","Lake Erie","19_07_31","2019","07","31","07/31","2019 Lake Erie","No change"
"Mae5",-0.118967004228398,1.46052929978883,-0.277266974674268,0.782540948731488,0.992539678730338,-4.66305907132533,"Not Significant","logqc_LE_19_07_31","Lake Erie","19_07_31","2019","07","31","07/31","2019 Lake Erie","No change"
"Mfl_ae1",-0.0607032972240589,1.80094808376827,-0.163901548279951,0.870366900580285,0.992539678730338,-4.66651918305796,"Not Significant","logqc_LE_19_07_31","Lake Erie","19_07_31","2019","07","31","07/31","2019 Lake Erie","No change"
"Mae2_(HL/LG)",-0.0510476554786452,4.13135093350547,-0.163809243928036,0.870439244366953,0.992539678730338,-4.66652127745827,"Not Significant","logqc_LE_19_07_31","Lake Erie","19_07_31","2019","07","31","07/31","2019 Lake Erie","No change"
"Unknown",-0.0332719575066612,0.0672416368619685,-0.152218374762019,0.879532254140968,0.992539678730338,-4.66677491471808,"Not Significant","logqc_LE_19_07_31","Lake Erie","19_07_31","2019","07","31","07/31","2019 Lake Erie","No change"
"Mae10",0.0572613966229698,2.20965348592617,0.152063299871872,0.879654023382214,0.992539678730338,-4.6667781822109,"Not Significant","logqc_LE_19_07_31","Lake Erie","19_07_31","2019","07","31","07/31","2019 Lake Erie","No change"
"Mae8",0.0540836910787452,1.39470259808099,0.147581193199576,0.883174751470846,0.992539678730338,-4.66687118486663,"Not Significant","logqc_LE_19_07_31","Lake Erie","19_07_31","2019","07","31","07/31","2019 Lake Erie","No change"
"Mae6",0.0262381820303847,0.443698948490892,0.0810740167414525,0.935656541123472,0.992539678730338,-4.6679245272923,"Not Significant","logqc_LE_19_07_31","Lake Erie","19_07_31","2019","07","31","07/31","2019 Lake Erie","No change"
"Mwe",0.0190688942448706,0.964995316241231,0.0610031939149067,0.951562131718477,0.992539678730338,-4.66812210274326,"Not Significant","logqc_LE_19_07_31","Lake Erie","19_07_31","2019","07","31","07/31","2019 Lake Erie","No change"
"Mpa",0.00734498967155917,0.416567268566533,0.0318350455594875,0.974710678855611,0.992539678730338,-4.6683097391636,"Not Significant","logqc_LE_19_07_31","Lake Erie","19_07_31","2019","07","31","07/31","2019 Lake Erie","No change"
"Mfl_ae4",-0.00695621465505453,0.382581399728643,-0.0259353953843609,0.979396089613436,0.992539678730338,-4.66833335667669,"Not Significant","logqc_LE_19_07_31","Lake Erie","19_07_31","2019","07","31","07/31","2019 Lake Erie","No change"
"Mfl_ae2",0.00272979950840274,0.681920702234415,0.0093898300775801,0.992539678730338,0.992539678730338,-4.66837385854892,"Not Significant","logqc_LE_19_07_31","Lake Erie","19_07_31","2019","07","31","07/31","2019 Lake Erie","No change"
"Mae3_3",0.491025871348979,2.92374632193307,1.77956950131718,0.0802790238368377,0.987685707864397,-4.44103542040756,"Not Significant","logqc_LE_19_08_13","Lake Erie","19_08_13","2019","08","13","08/13","2019 Lake Erie","No change"
"Mfl_ae6",-0.260637577065715,0.746447175377668,-1.31821440033088,0.192509276482865,0.987685707864397,-4.54586507144022,"Not Significant","logqc_LE_19_08_13","Lake Erie","19_08_13","2019","08","13","08/13","2019 Lake Erie","No change"
"Mae10",-0.458935451784548,2.20965348592617,-1.31639879615855,0.193113859799104,0.987685707864397,-4.54622356256013,"Not Significant","logqc_LE_19_08_13","Lake Erie","19_08_13","2019","08","13","08/13","2019 Lake Erie","No change"
"Mae8",-0.402518238235905,1.39470259808099,-1.18637954949826,0.240211558452342,0.987685707864397,-4.57073396497474,"Not Significant","logqc_LE_19_08_13","Lake Erie","19_08_13","2019","08","13","08/13","2019 Lake Erie","No change"
"Mvi",0.361990043411938,1.98155085092961,1.06160374508952,0.292727007619775,0.987685707864397,-4.59205719706477,"Not Significant","logqc_LE_19_08_13","Lake Erie","19_08_13","2019","08","13","08/13","2019 Lake Erie","No change"
"Mfl_ae4",-0.239879031559128,0.382581399728643,-0.966018803084095,0.337964323533575,0.987685707864397,-4.606897990085,"Not Significant","logqc_LE_19_08_13","Lake Erie","19_08_13","2019","08","13","08/13","2019 Lake Erie","No change"
"Mae2_(LL/LG)",-0.334422071675487,2.28513114992583,-0.940553553279207,0.350755526567184,0.987685707864397,-4.61062959719399,"Not Significant","logqc_LE_19_08_13","Lake Erie","19_08_13","2019","08","13","08/13","2019 Lake Erie","No change"
"Mfl_ae1",-0.255346190806352,1.80094808376827,-0.744686624001663,0.45940703923747,0.987685707864397,-4.6361477706589,"Not Significant","logqc_LE_19_08_13","Lake Erie","19_08_13","2019","08","13","08/13","2019 Lake Erie","No change"
"Mpa",-0.129578226195812,0.416567268566533,-0.60662417219165,0.546419574065833,0.987685707864397,-4.6506862420562,"Not Significant","logqc_LE_19_08_13","Lake Erie","19_08_13","2019","08","13","08/13","2019 Lake Erie","No change"
"Mfl_ae3",0.154325364717642,0.899025058622388,0.552869144346892,0.582434594685704,0.987685707864397,-4.65556206355942,"Not Significant","logqc_LE_19_08_13","Lake Erie","19_08_13","2019","08","13","08/13","2019 Lake Erie","No change"
"Mae4",0.12230660215603,2.3471551786472,0.508489869060988,0.612999454275735,0.987685707864397,-4.65925302644901,"Not Significant","logqc_LE_19_08_13","Lake Erie","19_08_13","2019","08","13","08/13","2019 Lake Erie","No change"
"Mae3_2",0.111379575343135,2.1326390875735,0.390426883165659,0.69762217950879,0.987685707864397,-4.66758913430629,"Not Significant","logqc_LE_19_08_13","Lake Erie","19_08_13","2019","08","13","08/13","2019 Lake Erie","No change"
"Mae9",0.0349872815344833,0.0650762610075088,0.338662492965736,0.736062164286142,0.987685707864397,-4.67056020119337,"Not Significant","logqc_LE_19_08_13","Lake Erie","19_08_13","2019","08","13","08/13","2019 Lake Erie","No change"
"Mae5",-0.129696677841508,1.46052929978883,-0.326492992815776,0.745202781393348,0.987685707864397,-4.67119788579838,"Not Significant","logqc_LE_19_08_13","Lake Erie","19_08_13","2019","08","13","08/13","2019 Lake Erie","No change"
"Mae3_1",-0.0547806390697136,3.6700616749069,-0.278292376672747,0.781757567617264,0.987685707864397,-4.6734957029998,"Not Significant","logqc_LE_19_08_13","Lake Erie","19_08_13","2019","08","13","08/13","2019 Lake Erie","No change"
"Mae1",0.0665141933622997,1.52988750923621,0.258314142263411,0.797060354801773,0.987685707864397,-4.67434126222375,"Not Significant","logqc_LE_19_08_13","Lake Erie","19_08_13","2019","08","13","08/13","2019 Lake Erie","No change"
"Unknown",-0.0498675039333323,0.0672416368619685,-0.24642215622046,0.806207849697195,0.987685707864397,-4.67481480904142,"Not Significant","logqc_LE_19_08_13","Lake Erie","19_08_13","2019","08","13","08/13","2019 Lake Erie","No change"
"Unknown",-0.04140932422513,0.167634640982776,-0.214859960370523,0.830614892443014,0.987685707864397,-4.67596380050024,"Not Significant","logqc_LE_19_08_13","Lake Erie","19_08_13","2019","08","13","08/13","2019 Lake Erie","No change"
"Mae2_(HL/LG)",0.0582339409732304,4.13135093350547,0.201842297973436,0.840731949731847,0.987685707864397,-4.67639203032979,"Not Significant","logqc_LE_19_08_13","Lake Erie","19_08_13","2019","08","13","08/13","2019 Lake Erie","No change"
"Mfl_ae2",0.0516357060591837,0.681920702234415,0.191845005229285,0.848520089209826,0.987685707864397,-4.67670278320729,"Not Significant","logqc_LE_19_08_13","Lake Erie","19_08_13","2019","08","13","08/13","2019 Lake Erie","No change"
"Mae6",-0.0514586721050041,0.443698948490892,-0.171743345843201,0.864224994381348,0.987685707864397,-4.67727994721549,"Not Significant","logqc_LE_19_08_13","Lake Erie","19_08_13","2019","08","13","08/13","2019 Lake Erie","No change"
"Mn",-0.0276193608838127,0.355918475642101,-0.112281884126054,0.910979736419284,0.993796076093765,-4.67861412439478,"Not Significant","logqc_LE_19_08_13","Lake Erie","19_08_13","2019","08","13","08/13","2019 Lake Erie","No change"
"Mwe",0.0139404847698337,0.964995316241231,0.0481701872660004,0.961742740245297,1,-4.67942711852084,"Not Significant","logqc_LE_19_08_13","Lake Erie","19_08_13","2019","08","13","08/13","2019 Lake Erie","No change"
"Mfl_ae5",0,0.0337903604092532,0,1,1,-4.67961053855057,"Not Significant","logqc_LE_19_08_13","Lake Erie","19_08_13","2019","08","13","08/13","2019 Lake Erie","No change"
"Mae1",-0.693461761709045,1.52988750923621,-2.33231392562482,0.0231039207884092,0.554494098921821,-4.35089380434931,"Not Significant","logqc_LH_19_08_22","Lake Huron","19_08_22","2019","08","22","08/22","2019 Lake Huron","No change"
"Mae2_(LL/LG)",-0.618269250245255,2.28513114992583,-1.50590257031087,0.137409254903034,0.956790798665383,-4.52475916939623,"Not Significant","logqc_LH_19_08_22","Lake Huron","19_08_22","2019","08","22","08/22","2019 Lake Huron","No change"
"Mae9",0.164735839219528,0.0650762610075088,1.38094259532032,0.172487273260566,0.956790798665383,-4.5456081163722,"Not Significant","logqc_LH_19_08_22","Lake Huron","19_08_22","2019","08","22","08/22","2019 Lake Huron","No change"
"Mae3_3",0.304783182750801,2.92374632193307,0.956604040126001,0.342657126746535,0.956790798665383,-4.60414811581445,"Not Significant","logqc_LH_19_08_22","Lake Huron","19_08_22","2019","08","22","08/22","2019 Lake Huron","No change"
"Mn",-0.2327821849298,0.355918475642101,-0.819551857274473,0.415758720589362,0.956790798665383,-4.61879307062844,"Not Significant","logqc_LH_19_08_22","Lake Huron","19_08_22","2019","08","22","08/22","2019 Lake Huron","No change"
"Mae2_(HL/LG)",0.251122655729914,4.13135093350547,0.75379374149811,0.45396058710163,0.956790798665383,-4.62505137663841,"Not Significant","logqc_LH_19_08_22","Lake Huron","19_08_22","2019","08","22","08/22","2019 Lake Huron","No change"
"Mae4",-0.202306494766678,2.3471551786472,-0.728404903453854,0.469237139294588,0.956790798665383,-4.62733274549287,"Not Significant","logqc_LH_19_08_22","Lake Huron","19_08_22","2019","08","22","08/22","2019 Lake Huron","No change"
"Mfl_ae6",0.162976416474052,0.746447175377668,0.713845815246258,0.478127337839321,0.956790798665383,-4.62860689900659,"Not Significant","logqc_LH_19_08_22","Lake Huron","19_08_22","2019","08","22","08/22","2019 Lake Huron","No change"
"Mvi",-0.218881552157284,1.98155085092961,-0.555911435711702,0.580366285986272,0.956790798665383,-4.64081816076378,"Not Significant","logqc_LH_19_08_22","Lake Huron","19_08_22","2019","08","22","08/22","2019 Lake Huron","No change"
"Mae10",0.202730949706741,2.20965348592617,0.503600967408755,0.616410538772214,0.956790798665383,-4.64420668705546,"Not Significant","logqc_LH_19_08_22","Lake Huron","19_08_22","2019","08","22","08/22","2019 Lake Huron","No change"
"Mfl_ae1",-0.193758539154831,1.80094808376827,-0.489368096370785,0.626389350743178,0.956790798665383,-4.64507169805602,"Not Significant","logqc_LH_19_08_22","Lake Huron","19_08_22","2019","08","22","08/22","2019 Lake Huron","No change"
"Mfl_ae4",-0.132216747964063,0.382581399728643,-0.461116216402775,0.646404791778663,0.956790798665383,-4.64671632374722,"Not Significant","logqc_LH_19_08_22","Lake Huron","19_08_22","2019","08","22","08/22","2019 Lake Huron","No change"
"Mae3_1",0.0982852342833378,3.6700616749069,0.432407406610945,0.667016303005076,0.956790798665383,-4.64828870026841,"Not Significant","logqc_LH_19_08_22","Lake Huron","19_08_22","2019","08","22","08/22","2019 Lake Huron","No change"
"Mae3_2",-0.136226441290137,2.1326390875735,-0.41354826124662,0.680699151047098,0.956790798665383,-4.64926726767736,"Not Significant","logqc_LH_19_08_22","Lake Huron","19_08_22","2019","08","22","08/22","2019 Lake Huron","No change"
"Mfl_ae2",0.123109777014914,0.681920702234415,0.396117065563043,0.693442676557762,0.956790798665383,-4.65013335257883,"Not Significant","logqc_LH_19_08_22","Lake Huron","19_08_22","2019","08","22","08/22","2019 Lake Huron","No change"
"Mfl_ae5",-0.0309304153462932,0.0337903604092532,-0.368204107266388,0.714034293566214,0.956790798665383,-4.65144329788351,"Not Significant","logqc_LH_19_08_22","Lake Huron","19_08_22","2019","08","22","08/22","2019 Lake Huron","No change"
"Mae6",-0.122994676116526,0.443698948490892,-0.355498922954775,0.723479335294155,0.956790798665383,-4.65200813425374,"Not Significant","logqc_LH_19_08_22","Lake Huron","19_08_22","2019","08","22","08/22","2019 Lake Huron","No change"
"Mae8",-0.131644564398035,1.39470259808099,-0.33602504826693,0.738039975032889,0.956790798665383,-4.65283568901655,"Not Significant","logqc_LH_19_08_22","Lake Huron","19_08_22","2019","08","22","08/22","2019 Lake Huron","No change"
"Mae5",-0.138299126657204,1.46052929978883,-0.301505391340856,0.764085621750748,0.956790798665383,-4.65418884710739,"Not Significant","logqc_LH_19_08_22","Lake Huron","19_08_22","2019","08","22","08/22","2019 Lake Huron","No change"
"Unknown",0.057408878518518,0.167634640982776,0.257968716489904,0.797325665554486,0.956790798665383,-4.65568761855716,"Not Significant","logqc_LH_19_08_22","Lake Huron","19_08_22","2019","08","22","08/22","2019 Lake Huron","No change"
"Mwe",0.0636128459463847,0.964995316241231,0.190360096287914,0.849678184653302,0.971060782460917,-4.65755432143461,"Not Significant","logqc_LH_19_08_22","Lake Huron","19_08_22","2019","08","22","08/22","2019 Lake Huron","No change"
"Mfl_ae3",-0.0293015018862208,0.899025058622388,-0.0909087222264662,0.927871997403931,1,-4.65927861104677,"Not Significant","logqc_LH_19_08_22","Lake Huron","19_08_22","2019","08","22","08/22","2019 Lake Huron","No change"
"Mpa",-0.0129272322444751,0.416567268566533,-0.0524111711146261,0.958377515200606,1,-4.65961890020002,"Not Significant","logqc_LH_19_08_22","Lake Huron","19_08_22","2019","08","22","08/22","2019 Lake Huron","No change"
"Unknown",0,0.0672416368619685,0,1,1,-4.65978833912815,"Not Significant","logqc_LH_19_08_22","Lake Huron","19_08_22","2019","08","22","08/22","2019 Lake Huron","No change"
"Mae3_2",-0.78015754112834,2.1326390875735,-2.5318797307901,0.0140185504389497,0.336445210534794,-3.05069266589988,"Not Significant","logqc_LE_19_09_18","Lake Erie","19_09_18","2019","09","18","09/18","2019 Lake Erie","No change"
"Mae3_1",-0.289943401390516,3.6700616749069,-1.36368495756136,0.177829479760725,1,-4.55569057412828,"Not Significant","logqc_LE_19_09_18","Lake Erie","19_09_18","2019","09","18","09/18","2019 Lake Erie","No change"
"Mae4",0.317673648358379,2.3471551786472,1.2227571176944,0.226266654365764,1,-4.68252570205127,"Not Significant","logqc_LE_19_09_18","Lake Erie","19_09_18","2019","09","18","09/18","2019 Lake Erie","No change"
"Mae10",-0.428353702141981,2.20965348592617,-1.13753560516394,0.259897214356865,1,-4.75294214950292,"Not Significant","logqc_LE_19_09_18","Lake Erie","19_09_18","2019","09","18","09/18","2019 Lake Erie","No change"
"Mfl_ae6",-0.196774100600783,0.746447175377668,-0.921390145666831,0.360586203583665,1,-4.90981718579062,"Not Significant","logqc_LE_19_09_18","Lake Erie","19_09_18","2019","09","18","09/18","2019 Lake Erie","No change"
"Mae2_(LL/LG)",-0.323094533432989,2.28513114992583,-0.841288225801187,0.403571704422772,1,-4.9599035242055,"Not Significant","logqc_LE_19_09_18","Lake Erie","19_09_18","2019","09","18","09/18","2019 Lake Erie","No change"
"Mfl_ae4",-0.215378871861995,0.382581399728643,-0.803013776338774,0.425178826505291,1,-4.98227784601076,"Not Significant","logqc_LE_19_09_18","Lake Erie","19_09_18","2019","09","18","09/18","2019 Lake Erie","No change"
"Mae8",0.245821588477278,1.39470259808099,0.670787119334562,0.504964664940143,1,-5.05175265694874,"Not Significant","logqc_LE_19_09_18","Lake Erie","19_09_18","2019","09","18","09/18","2019 Lake Erie","No change"
"Mvi",-0.238685523020308,1.98155085092961,-0.648064900257752,0.519448481304917,1,-5.06246224221183,"Not Significant","logqc_LE_19_09_18","Lake Erie","19_09_18","2019","09","18","09/18","2019 Lake Erie","No change"
"Mae5",-0.262717795049825,1.46052929978883,-0.612295557907066,0.542686801530833,1,-5.0785866846539,"Not Significant","logqc_LE_19_09_18","Lake Erie","19_09_18","2019","09","18","09/18","2019 Lake Erie","No change"
"Mwe",0.173025225700684,0.964995316241231,0.553524040778013,0.581989063891013,1,-5.10312315779439,"Not Significant","logqc_LE_19_09_18","Lake Erie","19_09_18","2019","09","18","09/18","2019 Lake Erie","No change"
"Mfl_ae2",-0.14654399313549,0.681920702234415,-0.504074819486451,0.616079549098529,1,-5.12187584865437,"Not Significant","logqc_LE_19_09_18","Lake Erie","19_09_18","2019","09","18","09/18","2019 Lake Erie","No change"
"Mae2_(HL/LG)",0.124027958215774,4.13135093350547,0.39799920037,0.692062322142875,1,-5.15624264189679,"Not Significant","logqc_LE_19_09_18","Lake Erie","19_09_18","2019","09","18","09/18","2019 Lake Erie","No change"
"Mae1",-0.101880351809582,1.52988750923621,-0.36631178940452,0.715438241570201,1,-5.16495236008551,"Not Significant","logqc_LE_19_09_18","Lake Erie","19_09_18","2019","09","18","09/18","2019 Lake Erie","No change"
"Unknown",0.0532540570174458,0.167634640982776,0.255821270972437,0.798975588970106,1,-5.18969777839573,"Not Significant","logqc_LE_19_09_18","Lake Erie","19_09_18","2019","09","18","09/18","2019 Lake Erie","No change"
"Mfl_ae1",-0.0814967594764238,1.80094808376827,-0.22004480265185,0.826593243292601,1,-5.19583220716274,"Not Significant","logqc_LE_19_09_18","Lake Erie","19_09_18","2019","09","18","09/18","2019 Lake Erie","No change"
"Mn",0.0532540570174458,0.355918475642101,0.200435835633878,0.841826671908881,1,-5.19880395633329,"Not Significant","logqc_LE_19_09_18","Lake Erie","19_09_18","2019","09","18","09/18","2019 Lake Erie","No change"
"Mae6",-0.0632106369249648,0.443698948490892,-0.195316132434703,0.845814234177578,1,-5.19953430103614,"Not Significant","logqc_LE_19_09_18","Lake Erie","19_09_18","2019","09","18","09/18","2019 Lake Erie","No change"
"Mfl_ae3",0.0499531048153067,0.899025058622388,0.165681543795919,0.868972042553328,1,-5.20339106907389,"Not Significant","logqc_LE_19_09_18","Lake Erie","19_09_18","2019","09","18","09/18","2019 Lake Erie","No change"
"Mpa",-0.0255418213191648,0.416567268566533,-0.110704722774007,0.912224932539432,1,-5.20887054217839,"Not Significant","logqc_LE_19_09_18","Lake Erie","19_09_18","2019","09","18","09/18","2019 Lake Erie","No change"
"Mae3_3",0.0292792059296243,2.92374632193307,0.0982418378734783,0.922072118659032,1,-5.20980979119299,"Not Significant","logqc_LE_19_09_18","Lake Erie","19_09_18","2019","09","18","09/18","2019 Lake Erie","No change"
"Mae9",0,0.0650762610075088,0,1,1,-5.21329138334064,"Not Significant","logqc_LE_19_09_18","Lake Erie","19_09_18","2019","09","18","09/18","2019 Lake Erie","No change"
"Mfl_ae5",0,0.0337903604092532,0,1,1,-5.21329138334064,"Not Significant","logqc_LE_19_09_18","Lake Erie","19_09_18","2019","09","18","09/18","2019 Lake Erie","No change"
"Unknown",0,0.0672416368619685,0,1,1,-5.21329138334064,"Not Significant","logqc_LE_19_09_18","Lake Erie","19_09_18","2019","09","18","09/18","2019 Lake Erie","No change"
