mussel_length,wet_mass,gut_wet_mass,gut_dry_mass,dry_shell_mass,gut_pa_mass,capsule_mass,batch,DW,AFDW,combustion_efficiency,collection_site,collection_date,lake,collection_person,ash_date,notebook_ref
21.65,,,46.12,,31.21,29.52,LE2025,16.6,14.91,0.898192771,WE4,5/29/25,Erie,GLERL Coring Cruise,2/25/26,"#44 p. 81, #047, p.4-5"
19.39,,,49.78,,31.48,29.81,LE2025,19.97,18.3,0.916374562,WE4,5/29/25,Erie,GLERL Coring Cruise,2/25/26,"#44 p. 81, #047, p.4-5"
21.48,,,48.14,,30.78,29.45,LE2025,18.69,17.36,0.928838951,WE4,5/29/25,Erie,GLERL Coring Cruise,2/25/26,"#44 p. 81, #047, p.4-5"
22.47,,,50.05,,31.3,29.25,LE2025,20.8,18.75,0.901442308,WE4,5/29/25,Erie,GLERL Coring Cruise,2/25/26,"#44 p. 81, #047, p.4-5"
20.99,,,43.87,,31.71,29.6,LE2025,14.27,12.16,0.852137351,WE4,5/29/25,Erie,GLERL Coring Cruise,2/25/26,"#44 p. 81, #047, p.4-5"
21.9,,,49.06,,30.92,29.54,LE2025,19.52,18.14,0.929303279,WE4,5/29/25,Erie,GLERL Coring Cruise,2/25/26,"#44 p. 81, #047, p.4-5"
24.82,,,55.16,,31.82,29.42,LE2025,25.74,23.34,0.906759907,WE4,5/29/25,Erie,GLERL Coring Cruise,2/25/26,"#44 p. 81, #047, p.4-5"
21.37,,,60,,31.75,29.54,LE2025,30.46,28.25,0.927445831,WE4,5/29/25,Erie,GLERL Coring Cruise,2/25/26,"#44 p. 81, #047, p.4-5"
21.09,,,39.56,,30.33,29.49,LE2025,10.07,9.23,0.916583913,WE4,5/29/25,Erie,GLERL Coring Cruise,2/25/26,"#44 p. 81, #047, p.4-5"
21.36,,,39.93,,30.68,29.6,LE2025,10.33,9.25,0.895450145,WE4,5/29/25,Erie,GLERL Coring Cruise,2/25/26,"#44 p. 81, #047, p.4-5"
19.04,,,44.62,,31.14,29.63,LE2025,14.99,13.48,0.899266178,WE4,5/29/25,Erie,GLERL Coring Cruise,2/25/26,"#44 p. 81, #047, p.4-5"
18.74,,,52.18,,31.21,29.65,LE2025,22.53,20.97,0.930758988,WE4,5/29/25,Erie,GLERL Coring Cruise,2/25/26,"#44 p. 81, #047, p.4-5"
21.29,,,49.83,,30.96,29.41,LE2025,20.42,18.87,0.924094026,WE4,5/29/25,Erie,GLERL Coring Cruise,2/25/26,"#44 p. 81, #047, p.4-5"
19.97,,,48.89,,30.84,29.56,LE2025,19.33,18.05,0.933781687,WE4,5/29/25,Erie,GLERL Coring Cruise,2/25/26,"#44 p. 81, #047, p.4-5"
19.98,,,50.1,,30.85,29.58,LE2025,20.52,19.25,0.938109162,WE4,5/29/25,Erie,GLERL Coring Cruise,2/25/26,"#44 p. 81, #047, p.4-5"
20.38,,,45.84,,30.9,29.46,LE2025,16.38,14.94,0.912087912,WE4,5/29/25,Erie,GLERL Coring Cruise,2/25/26,"#44 p. 81, #047, p.4-5"
20.19,,,43.89,,30.63,29.44,LE2025,14.45,13.26,0.917647059,WE4,5/29/25,Erie,GLERL Coring Cruise,2/25/26,"#44 p. 81, #047, p.4-5"
18.87,,,44.78,,30.79,29.44,LE2025,15.34,13.99,0.911994785,WE4,5/29/25,Erie,GLERL Coring Cruise,2/25/26,"#44 p. 81, #047, p.4-5"
19.07,,,42.52,,30.36,29.44,LE2025,13.08,12.16,0.929663609,WE4,5/29/25,Erie,GLERL Coring Cruise,2/25/26,"#44 p. 81, #047, p.4-5"
20.45,,,41.31,,30.23,29.28,LE2025,12.03,11.08,0.921030756,WE4,5/29/25,Erie,GLERL Coring Cruise,2/25/26,"#44 p. 81, #047, p.4-5"
15.73,,,43.45,,32.11,29.52,LE2025,13.93,11.34,0.814070352,WE4,5/29/25,Erie,GLERL Coring Cruise,2/25/26,"#44 p. 81, #047, p.4-5"
20.23,,,47.08,,30.56,29.47,LE2025,17.61,16.52,0.93810335,WE4,5/29/25,Erie,GLERL Coring Cruise,2/25/26,"#44 p. 81, #047, p.4-5"
19.79,,,41.61,,30.61,29.64,LE2025,11.97,11,0.918964077,WE4,5/29/25,Erie,GLERL Coring Cruise,2/25/26,"#44 p. 81, #047, p.4-5"
17.05,,,40.06,,30.26,29.43,LE2025,10.63,9.8,0.921919097,WE4,5/29/25,Erie,GLERL Coring Cruise,2/25/26,"#44 p. 81, #047, p.4-5"
19.06,,,47.76,,30.47,29.51,LE2025,18.25,17.29,0.94739726,WE4,5/29/25,Erie,GLERL Coring Cruise,2/25/26,"#44 p. 81, #047, p.4-5"
19.39,,,37.55,,30.13,29.47,LE2025,8.08,7.42,0.918316832,WE4,5/29/25,Erie,GLERL Coring Cruise,2/25/26,"#44 p. 81, #047, p.4-5"
16.89,,,41.38,,29.24,29.17,LE2025,12.21,12.14,0.994266994,WE4,5/29/25,Erie,GLERL Coring Cruise,2/25/26,"#44 p. 81, #047, p.4-5"
18.16,,,44.52,,30.5,29.49,LE2025,15.03,14.02,0.932801065,WE4,5/29/25,Erie,GLERL Coring Cruise,2/25/26,"#44 p. 81, #047, p.4-5"
17.81,,,37.29,,31.41,29.58,LE2025,7.71,5.88,0.762645914,WE4,5/29/25,Erie,GLERL Coring Cruise,2/25/26,"#44 p. 81, #047, p.4-5"
18.5,,,38.61,,30.51,29.31,LE2025,9.3,8.1,0.870967742,WE4,5/29/25,Erie,GLERL Coring Cruise,2/25/26,"#44 p. 81, #047, p.4-5"
18.96,,,45.54,,30.84,29.57,LE2025,15.97,14.7,0.920475892,WE4,5/29/25,Erie,GLERL Coring Cruise,2/25/26,"#44 p. 81, #047, p.4-5"
16.67,,,46.19,,31.66,29.36,LE2025,16.83,14.53,0.863339275,WE4,5/29/25,Erie,GLERL Coring Cruise,2/25/26,"#44 p. 81, #047, p.4-5"
18.44,,,41.21,,30.46,29.56,LE2025,11.65,10.75,0.922746781,WE4,5/29/25,Erie,GLERL Coring Cruise,2/25/26,"#44 p. 81, #047, p.4-5"
17.31,,,36.32,,30.13,29.54,LE2025,6.78,6.19,0.912979351,WE4,5/29/25,Erie,GLERL Coring Cruise,2/25/26,"#44 p. 81, #047, p.4-5"
19.26,,,47.14,,31.05,29.56,LE2025,17.58,16.09,0.915244596,WE4,5/29/25,Erie,GLERL Coring Cruise,2/25/26,"#44 p. 81, #047, p.4-5"
20.48,,,39.71,,30.36,29.58,LE2025,10.13,9.35,0.923000987,WE4,5/29/25,Erie,GLERL Coring Cruise,2/25/26,"#44 p. 81, #047, p.4-5"
22.1,,,47.46,,30.79,29.55,LE2025,17.91,16.67,0.930764936,WE4,5/29/25,Erie,GLERL Coring Cruise,2/25/26,"#44 p. 81, #047, p.4-5"
17.34,,,41.41,,30.34,29.46,LE2025,11.95,11.07,0.926359833,WE4,5/29/25,Erie,GLERL Coring Cruise,2/25/26,"#44 p. 81, #047, p.4-5"
19,,,44.86,,30.51,29.43,LE2025,15.43,14.35,0.930006481,WE4,5/29/25,Erie,GLERL Coring Cruise,2/25/26,"#44 p. 81, #047, p.4-5"
17.63,,,45.75,,30.65,29.59,LE2025,16.16,15.1,0.934405941,WE4,5/29/25,Erie,GLERL Coring Cruise,2/25/26,"#44 p. 81, #047, p.4-5"
18.72,,,47.36,,30.61,29.56,LE2025,17.8,16.75,0.941011236,WE4,5/29/25,Erie,GLERL Coring Cruise,2/25/26,"#44 p. 81, #047, p.4-5"