Tank,ExperimentDate,Month,Day,Year,category,exp_id,V,WaterLocation,quagga_elapsed_hour,quagga_VFMx,Z0,ZFM,avg_control_elapsed_hour,avg_C0,avg_CFM,FI
Q1,10/4/18,10,4,2018,blugrn,277,14000,WE4,3.86502525250117,13925,2.57606060606061,2.03,3.85584852887524,2.52922469135802,2.38307966394458,32.3657528474105
Q1,10/4/18,10,4,2018,crypto,277,14000,WE4,3.86502525250117,13925,0.0127272727272727,0.0338888888888889,3.85584852887524,0.0173876543209877,0.0263055608309142,-102.385899937374
Q1,10/4/18,10,4,2018,diatom,277,14000,WE4,3.86502525250117,13925,2.8669696969697,1.30805555555556,3.85584852887524,2.95475802469136,2.83880381996256,134.869994043643
Q1,10/4/18,10,4,2018,grn,277,14000,WE4,3.86502525250117,13925,0.207878787878788,0.0163888888888889,3.85584852887524,0.268772839506173,0.343465458458811,504.498666229925
Q1,10/4/18,10,4,2018,total,277,14000,WE4,3.86502525250117,13925,5.66575757575758,3.38694444444444,3.85584852887524,5.76998518518519,5.59089837850548,87.4736953937893
Q1,10/4/18,10,4,2018,yellow_sub,277,14000,WE4,3.86502525250117,13925,1.23121212121212,1.29333333333333,3.85584852887524,1.23293580246914,1.10847029671632,-28.1883393834306
Q1,6/12/19,6,12,2019,blugrn,163,14000,SB15,4.69243633276886,13850,2.15778947368421,2.34814516129032,4.68309419987378,2.22811956693536,2.29509601777588,-8.19346361059307
Q1,6/12/19,6,12,2019,crypto,163,14000,SB15,4.69243633276886,13850,2.44,2.42991935483871,4.68309419987378,2.55535433177538,2.75852230660053,12.0302005130131
Q1,6/12/19,6,12,2019,grn,163,14000,SB15,4.69243633276886,13850,0,0,4.68309419987378,0,0,NA
Q1,6/12/19,6,12,2019,total,163,14000,SB15,4.69243633276886,13850,4.83821052631579,4.77790322580645,4.68309419987378,5.1002933121091,5.2785090332169,6.99468872993756
Q1,6/12/19,6,12,2019,yellow_sub,163,14000,SB15,4.69243633276886,13850,0.748947368421053,0.802016129032258,4.68309419987378,0.732959628801734,0.710732774388013,-14.8063556553669
Q1,6/28/18,6,28,2018,blugrn,180,14000,WE4,3.5803571428193,13925,1.35964285714286,1.10678571428571,3.70793650794912,1.93630952380952,1.30134920634921,-37.463914735075
Q1,6/28/18,6,28,2018,diatom,180,14000,WE4,3.5803571428193,13925,1.38035714285714,1.00678571428571,3.70793650794912,1.27071428571429,1.48729276895944,92.4685635840683
Q1,6/28/18,6,28,2018,grn,180,14000,WE4,3.5803571428193,13925,0.394285714285714,0.0760714285714286,3.70793650794912,0.298095238095238,0.325308641975309,338.774891848545
Q1,6/28/18,6,28,2018,total,180,14000,WE4,3.5803571428193,13925,3.15321428571429,2.18928571428571,3.70793650794912,3.64702380952381,3.1532671957672,42.8902133074468
Q1,6/28/18,6,28,2018,yellow_sub,180,14000,WE4,3.5803571428193,13925,1.86607142857143,1.81714285714286,3.70793650794912,1.85333333333333,1.83401234567901,3.14582592270644
Q1,7/10/18,7,10,2018,blugrn,192,14000,WE4,2.63735754986604,13925,0.956666666666667,0.761111111111111,2.63337949995641,0.983605508870215,0.935564713064713,47.4037929756268
Q1,7/10/18,7,10,2018,crypto,192,14000,WE4,2.63735754986604,13925,0.838205128205128,0.120833333333333,2.63337949995641,0.67870059134765,0.484135124135124,424.411263471817
Q1,7/10/18,7,10,2018,diatom,192,14000,WE4,2.63735754986604,13925,2.32025641025641,0.950277777777778,2.63337949995641,2.46073544973545,2.65105575905576,256.705213419427
Q1,7/10/18,7,10,2018,grn,192,14000,WE4,2.63735754986604,13925,3.03666666666667,1.55222222222222,2.63337949995641,3.1668370681606,3.32472039072039,191.027401401085
Q1,7/10/18,7,10,2018,total,192,14000,WE4,2.63735754986604,13925,7.15179487179487,3.38527777777778,2.63337949995641,7.29034982882042,7.39558363858364,202.316600258613
Q1,7/10/18,7,10,2018,yellow_sub,192,14000,WE4,2.63735754986604,13925,0.655384615384615,0.547777777777778,2.63337949995641,0.631794273264861,0.471614163614164,-30.005425367679
Q1,7/10/19,7,10,2019,blugrn,191,14000,SB15,4.52575547330909,13850,4.7904347826087,4.86510638297872,4.52953417817752,4.66699754901961,4.79307047168749,1.73043209402294
Q1,7/10/19,7,10,2019,crypto,191,14000,SB15,4.52575547330909,13850,1.16108695652174,1.19234042553191,4.52953417817752,1.02366953564371,1.04116268804399,-1.48749829641088
Q1,7/10/19,7,10,2019,diatom,191,14000,SB15,4.52575547330909,13850,3.38391304347826,2.74829787234043,4.52953417817752,3.58806306049552,3.60302286448983,32.8228398603117
Q1,7/10/19,7,10,2019,grn,191,14000,SB15,4.52575547330909,13850,0,0,4.52953417817752,0,0,NA
Q1,7/10/19,7,10,2019,total,191,14000,SB15,4.52575547330909,13850,9.33695652173913,8.80574468085106,4.52953417817752,9.27845284237726,9.43730902314889,11.6856662112571
Q1,7/10/19,7,10,2019,yellow_sub,191,14000,SB15,4.52575547330909,13850,0.57304347826087,0.69,4.52953417817752,0.569120402036784,0.497126444953993,-49.6457062873405
Q1,7/18/19,7,18,2019,blugrn,199,14000,WE4,3.81666666666667,13900,1.96628571428571,1.03941176470588,3.82020312137074,1.85742097597847,1.79298103728211,110.443871579924
Q1,7/18/19,7,18,2019,crypto,199,14000,WE4,3.81666666666667,13900,0.139428571428571,0.182941176470588,3.82020312137074,0.188611359991151,0.234703611800386,-9.7163668699942
Q1,7/18/19,7,18,2019,diatom,199,14000,WE4,3.81666666666667,13900,2.27028571428571,1.055,3.82020312137074,2.23165204726877,2.34111494041602,149.338440521953
Q1,7/18/19,7,18,2019,grn,199,14000,WE4,3.81666666666667,13900,2.14657142857143,0.944117647058824,3.82020312137074,2.16610674188375,2.54105045492142,179.925526186236
Q1,7/18/19,7,18,2019,total,199,14000,WE4,3.81666666666667,13900,6.522,3.22117647058824,3.82020312137074,6.44422952270339,6.90965566890298,142.170760030056
Q1,7/18/19,7,18,2019,yellow_sub,199,14000,WE4,3.81666666666667,13900,0.667714285714286,0.796470588235294,3.82020312137074,0.659504415316262,0.531532947339399,-71.9049753970076
Q1,7/25/18,7,25,2018,blugrn,206,14000,WE4,4.24786324785815,13925,4.02871794871795,3.69,4.27180942550853,4.1684421101774,3.91622186234818,4.18674571672382
Q1,7/25/18,7,25,2018,crypto,206,14000,WE4,4.24786324785815,13925,0.667948717948718,0.771785714285714,4.27180942550853,0.655548397136632,0.73416383265857,-5.14725221920997
Q1,7/25/18,7,25,2018,diatom,206,14000,WE4,4.24786324785815,13925,1.87025641025641,1.03714285714286,4.27180942550853,1.98339666977902,1.98568070175439,97.3500597597507
Q1,7/25/18,7,25,2018,grn,206,14000,WE4,4.24786324785815,13925,0.483076923076923,0.0171428571428571,4.27180942550853,0.274139122315593,0.554861538461539,666.352437930947
Q1,7/25/18,7,25,2018,total,206,14000,WE4,4.24786324785815,13925,7.05179487179487,5.5175,4.27180942550853,7.08066588857765,7.18955951417004,42.9471187873791
Q1,7/25/18,7,25,2018,yellow_sub,206,14000,WE4,4.24786324785815,13925,1.17717948717949,1.21785714285714,4.27180942550853,1.21798179271709,1.13113819163293,-17.7876925247706
Q1,7/25/19,7,25,2019,blugrn,206,14000,SB15,5.36288998352157,13850,8.85362068965517,9.12809523809524,5.37050371872054,8.92927450980392,8.88358237547893,-4.65468520602621
Q1,7/25/19,7,25,2019,crypto,206,14000,SB15,5.36288998352157,13850,4.99327586206897,5.16238095238095,5.37050371872054,5.15831590413943,4.89018199233716,-11.3148777304458
Q1,7/25/19,7,25,2019,diatom,206,14000,SB15,5.36288998352157,13850,4.02810344827586,3.64714285714286,5.37050371872054,3.93811220043573,4.26423690932312,23.3529579215819
Q1,7/25/19,7,25,2019,grn,206,14000,SB15,5.36288998352157,13850,0,0,5.37050371872054,0,0,NA
Q1,7/25/19,7,25,2019,total,206,14000,SB15,5.36288998352157,13850,17.875,17.9383333333333,5.37050371872054,18.0245697167756,18.0379533844189,-0.364771497607597
Q1,7/25/19,7,25,2019,yellow_sub,206,14000,SB15,5.36288998352157,13850,1.50931034482759,1.4902380952381,5.37050371872054,1.55328104575163,1.40563218390805,-11.3774097863939
Q1,7/31/19,7,31,2019,blugrn,212,14000,WE4,3.29105691055457,13900,22.616875,24.8507317073171,3.30410874852428,24.1767826521024,22.8049097744361,-32.4593197715103
Q1,7/31/19,7,31,2019,crypto,212,14000,WE4,3.29105691055457,13900,1.68484375,2.34219512195122,3.30410874852428,1.89850334742777,1.94156780840991,-65.2951548066556
Q1,7/31/19,7,31,2019,diatom,212,14000,WE4,3.29105691055457,13900,0.025,0.0582926829268293,3.30410874852428,0.0932652102419544,0.0659640768588137,-253.734999964482
Q1,7/31/19,7,31,2019,grn,212,14000,WE4,3.29105691055457,13900,0,0,3.30410874852428,0,0,NA
Q1,7/31/19,7,31,2019,total,212,14000,WE4,3.29105691055457,13900,24.3275,27.2521951219512,3.30410874852428,26.1689128200611,24.8126775271512,-35.4660819910043
Q1,7/31/19,7,31,2019,yellow_sub,212,14000,WE4,3.29105691055457,13900,1.2759375,1.17829268292683,3.30410874852428,1.2949073584684,1.16590169869117,-5.38756416863598
Q1,8/13/2019 Whole,8,13,2019 Whole,blugrn,225-Whole,14000,WE4,4.15406462583277,13875,1.375,2.26408163265306,4.14263973156611,1.51871621621622,2.61737755102041,7.68269441282957
Q1,8/13/2019 Whole,8,13,2019 Whole,diatom,225-Whole,14000,WE4,4.15406462583277,13875,0.64625,0.834489795918367,4.14263973156611,0.624391891891892,1.35553571428571,87.5474599867793
Q1,8/13/2019 Whole,8,13,2019 Whole,grn,225-Whole,14000,WE4,4.15406462583277,13875,0.457,0.550612244897959,4.14263973156611,0.515608108108108,0.469461734693878,-47.2008426927328
Q1,8/13/2019 Whole,8,13,2019 Whole,total,225-Whole,14000,WE4,4.15406462583277,13875,2.8825,3.64938775510204,4.14263973156611,3.1525,4.45165306122449,18.397592815915
Q1,8/13/2019 Whole,8,13,2019 Whole,yellow_sub,225-Whole,14000,WE4,4.15406462583277,13875,0.3405,0.402857142857143,4.14263973156611,0.344797297297297,0.393354591836735,-6.13579299820268
Q1,8/15/18,8,15,2018,blugrn,228,14000,WE4,4.97542735040188,13925,2.64942307692308,2.46111111111111,4.96683787447435,2.85386862669121,2.60135236079836,-2.66118516777558
Q1,8/15/18,8,15,2018,crypto,228,14000,WE4,4.97542735040188,13925,0.402884615384615,0.123611111111111,4.96683787447435,0.646210484678227,0.519800953181946,135.602686126394
Q1,8/15/18,8,15,2018,diatom,228,14000,WE4,4.97542735040188,13925,1.56711538461538,1.01777777777778,4.96683787447435,1.62442854144467,1.63783300324661,61.8807255611591
Q1,8/15/18,8,15,2018,grn,228,14000,WE4,4.97542735040188,13925,2.82403846153846,2.03583333333333,4.96683787447435,2.81220696502955,3.01526122068785,55.8516282851605
Q1,8/15/18,8,15,2018,total,228,14000,WE4,4.97542735040188,13925,7.44519230769231,5.63861111111111,4.96683787447435,7.93722981045562,7.77392233466272,36.1775687750944
Q1,8/15/18,8,15,2018,yellow_sub,228,14000,WE4,4.97542735040188,13925,0.820769230769231,0.754444444444444,4.96683787447435,0.803109076818754,0.672368214004721,-13.1439661832743
Q1,8/22/19,8,22,2019,blugrn,234,14000,SB15,4.61754901958836,13850,4.92647058823529,5.763,4.63147333551336,5.24801889866406,5.2925,-22.4960670111578
Q1,8/22/19,8,22,2019,crypto,234,14000,SB15,4.61754901958836,13850,3.82882352941176,2.838,4.63147333551336,3.68950146627566,3.54944444444444,39.5297221160371
Q1,8/22/19,8,22,2019,diatom,234,14000,SB15,4.61754901958836,13850,0.540294117647059,1.1015,4.63147333551336,0.59276311502118,0.837555555555555,-55.5782376142777
Q1,8/22/19,8,22,2019,grn,234,14000,SB15,4.61754901958836,13850,0,0,4.63147333551336,0,0,NA
Q1,8/22/19,8,22,2019,total,234,14000,SB15,4.61754901958836,13850,9.29470588235294,9.7035,4.63147333551336,9.52964483545129,9.67894444444445,-4.16831220676565
Q1,8/22/19,8,22,2019,yellow_sub,234,14000,SB15,4.61754901958836,13850,0.710882352941176,0.7295,4.63147333551336,0.721176278918214,0.711166666666667,-6.03793118139053
Q1,8/8/2019 Whole,8,8,2019 Whole,blugrn,220-Whole,14000,SB15,5.2653846153948,13850,2.44769230769231,2.60535714285714,5.2762769823273,2.69108312858313,2.57300940438871,-14.2637579255208
Q1,8/8/2019 Whole,8,8,2019 Whole,crypto,220-Whole,14000,SB15,5.2653846153948,13850,2.91076923076923,2.90357142857143,5.2762769823273,2.73084971334971,2.84352664576803,5.70436760428664
Q1,8/8/2019 Whole,8,8,2019 Whole,diatom,220-Whole,14000,SB15,5.2653846153948,13850,1.67,0.9325,5.2762769823273,1.81634725634726,1.68974399164054,67.862376527789
Q1,8/8/2019 Whole,8,8,2019 Whole,grn,220-Whole,14000,SB15,5.2653846153948,13850,0,0,5.2762769823273,0,0,NA
Q1,8/8/2019 Whole,8,8,2019 Whole,total,220-Whole,14000,SB15,5.2653846153948,13850,7.02820512820513,6.44071428571429,5.2762769823273,7.23879402129402,7.10574712643678,9.13871314784885
Q1,8/8/2019 Whole,8,8,2019 Whole,yellow_sub,220-Whole,14000,SB15,5.2653846153948,13850,0.828205128205128,0.781071428571429,5.2762769823273,0.822358722358722,0.750449320794148,-4.37522158904984
Q1,9/18/19,9,18,2019,blugrn,261,14000,WE4,2.73325320515368,13900,0.949230769230769,0.95,2.69820673006552,0.923272772216043,1.05498127619138,33.9450710826776
Q1,9/18/19,9,18,2019,crypto,261,14000,WE4,2.73325320515368,13900,0.453846153846154,0.04375,2.69820673006552,0.451710879653038,0.281574196047171,478.050924853009
Q1,9/18/19,9,18,2019,diatom,261,14000,WE4,2.73325320515368,13900,0.790384615384615,0.107083333333333,2.69820673006552,0.760247637666992,0.859659323510934,543.404833662025
Q1,9/18/19,9,18,2019,grn,261,14000,WE4,2.73325320515368,13900,0.144230769230769,0.0252083333333333,2.69820673006552,0.324495005674094,0.134068527112931,220.332536492113
Q1,9/18/19,9,18,2019,total,261,14000,WE4,2.73325320515368,13900,2.33692307692308,1.125625,2.69820673006552,2.46127144638824,2.32993388682848,173.039574434752
Q1,9/18/19,9,18,2019,yellow_sub,261,14000,WE4,2.73325320515368,13900,0.391538461538462,0.385208333333333,2.69820673006552,0.376946101729194,0.396731496305904,17.2760662449837
Q1,9/6/19,9,6,2019,blugrn,249,14000,SB15,4.33037071585655,13875,7.86888888888889,7.63805970149254,4.3704231401726,7.93178242615085,7.31963940859902,-8.17029712078631
Q1,9/6/19,9,6,2019,crypto,249,14000,SB15,4.33037071585655,13875,4.00291666666667,3.54223880597015,4.3704231401726,4.11801731893837,3.98382239139889,14.4084600425572
Q1,9/6/19,9,6,2019,diatom,249,14000,SB15,4.33037071585655,13875,6.11638888888889,5.36746268656716,4.3704231401726,5.91180278152647,6.1958449418119,28.6999104158087
Q1,9/6/19,9,6,2019,grn,249,14000,SB15,4.33037071585655,13875,0,0,4.3704231401726,0,0,NA
Q1,9/6/19,9,6,2019,total,249,14000,SB15,4.33037071585655,13875,17.9883333333333,16.5488059701493,4.3704231401726,17.9614847678313,17.4994021726947,9.26999271866557
Q1,9/6/19,9,6,2019,yellow_sub,249,14000,SB15,4.33037071585655,13875,1.02381944444444,1.04492537313433,4.3704231401726,0.99384742840006,0.925273492317556,-14.8554801971045
Q2,10/4/18,10,4,2018,blugrn,277,14000,WE4,3.8693548387289,13925,2.50606060606061,2.10258064516129,3.85584852887524,2.52922469135802,2.38307966394458,20.9903656106653
Q2,10/4/18,10,4,2018,crypto,277,14000,WE4,3.8693548387289,13925,0.0745454545454545,0.0132258064516129,3.85584852887524,0.0173876543209877,0.0263055608309142,387.734231407354
Q2,10/4/18,10,4,2018,diatom,277,14000,WE4,3.8693548387289,13925,2.90787878787879,1.55516129032258,3.85584852887524,2.95475802469136,2.83880381996256,105.978245640441
Q2,10/4/18,10,4,2018,grn,277,14000,WE4,3.8693548387289,13925,0.291515151515152,0.0809677419354839,3.85584852887524,0.268772839506173,0.343465458458811,276.113937589332
Q2,10/4/18,10,4,2018,total,277,14000,WE4,3.8693548387289,13925,5.78060606060606,3.75161290322581,3.85584852887524,5.76998518518519,5.59089837850548,72.5069725187976
Q2,10/4/18,10,4,2018,yellow_sub,277,14000,WE4,3.8693548387289,13925,1.24,1.26064516129032,3.85584852887524,1.23293580246914,1.10847029671632,-22.239007735538
Q2,6/12/19,6,12,2019,blugrn,163,14000,SB15,4.6934096385373,13850,2.11289156626506,2.3075,4.68309419987378,2.22811956693536,2.29509601777588,-8.72359424119051
Q2,6/12/19,6,12,2019,crypto,163,14000,SB15,4.6934096385373,13850,2.42638554216867,2.2157,4.68309419987378,2.55535433177538,2.75852230660053,24.9577635119107
Q2,6/12/19,6,12,2019,grn,163,14000,SB15,4.6934096385373,13850,0,0,4.68309419987378,0,0,NA
Q2,6/12/19,6,12,2019,total,163,14000,SB15,4.6934096385373,13850,4.81915662650602,4.5231,4.68309419987378,5.1002933121091,5.2785090332169,14.5785009617878
Q2,6/12/19,6,12,2019,yellow_sub,163,14000,SB15,4.6934096385373,13850,0.738674698795181,0.831,4.68309419987378,0.732959628801734,0.710732774388013,-22.157961447519
Q2,6/28/18,6,28,2018,blugrn,180,14000,WE4,3.55061728398005,13925,2.07857142857143,0.749259259259259,3.70793650794912,1.93630952380952,1.30134920634921,122.8175590206
Q2,6/28/18,6,28,2018,diatom,180,14000,WE4,3.55061728398005,13925,1.09,0.830740740740741,3.70793650794912,1.27071428571429,1.48729276895944,84.5755762338718
Q2,6/28/18,6,28,2018,grn,180,14000,WE4,3.55061728398005,13925,0.215,0.17,3.70793650794912,0.298095238095238,0.325308641975309,63.5215391476395
Q2,6/28/18,6,28,2018,total,180,14000,WE4,3.55061728398005,13925,3.58714285714286,1.74888888888889,3.70793650794912,3.64702380952381,3.1532671957672,112.947156745009
Q2,6/28/18,6,28,2018,yellow_sub,180,14000,WE4,3.55061728398005,13925,1.93392857142857,1.89296296296296,3.70793650794912,1.85333333333333,1.83401234567901,2.15492377197843
Q2,7/10/18,7,10,2018,blugrn,192,14000,WE4,2.63333333333333,13925,0.821764705882353,0.731538461538462,2.63337949995641,0.983605508870215,0.935564713064713,17.6053678718456
Q2,7/10/18,7,10,2018,crypto,192,14000,WE4,2.63333333333333,13925,0.828235294117647,0.0869230769230769,2.63337949995641,0.67870059134765,0.484135124135124,509.438124448051
Q2,7/10/18,7,10,2018,diatom,192,14000,WE4,2.63333333333333,13925,2.40176470588235,0.961923076923077,2.63337949995641,2.46073544973545,2.65105575905576,263.037559100036
Q2,7/10/18,7,10,2018,grn,192,14000,WE4,2.63333333333333,13925,2.9,1.63153846153846,2.63337949995641,3.1668370681606,3.32472039072039,165.830775478796
Q2,7/10/18,7,10,2018,total,192,14000,WE4,2.63333333333333,13925,6.95147058823529,3.41153846153846,2.63337949995641,7.29034982882042,7.39558363858364,193.019603466418
Q2,7/10/18,7,10,2018,yellow_sub,192,14000,WE4,2.63333333333333,13925,0.671764705882353,0.540384615384615,2.63337949995641,0.631794273264861,0.471614163614164,-19.8770636597253
Q2,7/10/19,7,10,2019,blugrn,191,14000,SB15,4.53087989118364,13850,4.64016949152542,4.95277777777778,4.52953417817752,4.66699754901961,4.79307047168749,-5.95462437155322
Q2,7/10/19,7,10,2019,crypto,191,14000,SB15,4.53087989118364,13850,1.11779661016949,1.11537037037037,4.52953417817752,1.02366953564371,1.04116268804399,2.95352170628242
Q2,7/10/19,7,10,2019,diatom,191,14000,SB15,4.53087989118364,13850,3.42966101694915,2.58666666666667,4.52953417817752,3.58806306049552,3.60302286448983,44.2246170559173
Q2,7/10/19,7,10,2019,grn,191,14000,SB15,4.53087989118364,13850,0,0,4.52953417817752,0,0,NA
Q2,7/10/19,7,10,2019,total,191,14000,SB15,4.53087989118364,13850,9.18796610169492,8.65555555555556,4.52953417817752,9.27845284237726,9.43730902314889,11.8450501352552
Q2,7/10/19,7,10,2019,yellow_sub,191,14000,SB15,4.53087989118364,13850,0.581694915254237,0.662407407407407,4.52953417817752,0.569120402036784,0.497126444953993,-40.9694365740053
Q2,7/18/19,7,18,2019,blugrn,199,14000,WE4,3.80132405128744,13900,2.11567567567568,1.02181818181818,3.82020312137074,1.85742097597847,1.79298103728211,127.517917384838
Q2,7/18/19,7,18,2019,crypto,199,14000,WE4,3.80132405128744,13900,0.202027027027027,0.128181818181818,3.82020312137074,0.188611359991151,0.234703611800386,124.03853479594
Q2,7/18/19,7,18,2019,diatom,199,14000,WE4,3.80132405128744,13900,2.24405405405405,0.833333333333333,3.82020312137074,2.23165204726877,2.34111494041602,191.234300339162
Q2,7/18/19,7,18,2019,grn,199,14000,WE4,3.80132405128744,13900,2.51202702702703,0.705454545454545,3.82020312137074,2.16610674188375,2.54105045492142,263.264678737643
Q2,7/18/19,7,18,2019,total,199,14000,WE4,3.80132405128744,13900,7.07378378378378,2.68727272727273,3.82020312137074,6.44422952270339,6.90965566890298,191.070897340667
Q2,7/18/19,7,18,2019,yellow_sub,199,14000,WE4,3.80132405128744,13900,0.557162162162162,0.739393939393939,3.82020312137074,0.659504415316262,0.531532947339399,-91.8334229656243
Q2,7/25/18,7,25,2018,blugrn,206,14000,WE4,4.24656862742371,13925,4.17176470588235,3.99384615384615,4.27180942550853,4.1684421101774,3.91622186234818,-3.10401188448578
Q2,7/25/18,7,25,2018,crypto,206,14000,WE4,4.24656862742371,13925,0.779117647058824,0.585384615384615,4.27180942550853,0.655548397136632,0.73416383265857,65.7959761763712
Q2,7/25/18,7,25,2018,diatom,206,14000,WE4,4.24656862742371,13925,2.03529411764706,1.24846153846154,4.27180942550853,1.98339666977902,1.98568070175439,80.7511874285617
Q2,7/25/18,7,25,2018,grn,206,14000,WE4,4.24656862742371,13925,0.201176470588235,0.0176923076923077,4.27180942550853,0.274139122315593,0.554861538461539,516.95733242506
Q2,7/25/18,7,25,2018,total,206,14000,WE4,4.24656862742371,13925,7.18794117647059,5.84461538461538,4.27180942550853,7.08066588857765,7.18955951417004,36.6183089786388
Q2,7/25/18,7,25,2018,yellow_sub,206,14000,WE4,4.24656862742371,13925,1.17470588235294,1.23846153846154,4.27180942550853,1.21798179271709,1.13113819163293,-20.9053656142714
Q2,7/25/19,7,25,2019,blugrn,206,14000,SB15,5.35969029373593,13850,8.90827586206897,8.71777777777778,5.37050371872054,8.92927450980392,8.88358237547893,2.15315985969511
Q2,7/25/19,7,25,2019,crypto,206,14000,SB15,5.35969029373593,13850,5.22275862068966,5.06472222222222,5.37050371872054,5.15831590413943,4.89018199233716,-2.958740667373
Q2,7/25/19,7,25,2019,diatom,206,14000,SB15,5.35969029373593,13850,3.7848275862069,3.62416666666667,5.37050371872054,3.93811220043573,4.26423690932312,16.056228474164
Q2,7/25/19,7,25,2019,grn,206,14000,SB15,5.35969029373593,13850,0,0,5.37050371872054,0,0,NA
Q2,7/25/19,7,25,2019,total,206,14000,SB15,5.35969029373593,13850,17.9162068965517,17.4069444444444,5.37050371872054,18.0245697167756,18.0379533844189,3.8631172991241
Q2,7/25/19,7,25,2019,yellow_sub,206,14000,SB15,5.35969029373593,13850,1.54931034482759,1.36083333333333,5.37050371872054,1.55328104575163,1.40563218390805,3.89597234363073
Q2,7/31/19,7,31,2019,blugrn,212,14000,WE4,3.28083466245068,13900,24.5278787878788,21.19,3.30410874852428,24.1767826521024,22.8049097744361,18.7467107982027
Q2,7/31/19,7,31,2019,crypto,212,14000,WE4,3.28083466245068,13900,1.91984848484848,1.66684210526316,3.30410874852428,1.89850334742777,1.94156780840991,34.9367569563199
Q2,7/31/19,7,31,2019,diatom,212,14000,WE4,3.28083466245068,13900,0.0763636363636364,0.0736842105263158,3.30410874852428,0.0932652102419544,0.0659640768588137,-66.2737267447874
Q2,7/31/19,7,31,2019,grn,212,14000,WE4,3.28083466245068,13900,0,0,3.30410874852428,0,0,NA
Q2,7/31/19,7,31,2019,total,212,14000,WE4,3.28083466245068,13900,26.5237878787879,22.9318421052632,3.30410874852428,26.1689128200611,24.8126775271512,19.6927533711005
Q2,7/31/19,7,31,2019,yellow_sub,212,14000,WE4,3.28083466245068,13900,1.33106060606061,1.17552631578947,3.30410874852428,1.2949073584684,1.16590169869117,4.12120862901293
Q2,8/13/2019 Whole,8,13,2019 Whole,blugrn,225-Whole,14000,WE4,4.1560129897462,13875,1.50189189189189,2.49674418604651,4.14263973156611,1.51871621621622,2.61737755102041,6.07116987234577
Q2,8/13/2019 Whole,8,13,2019 Whole,diatom,225-Whole,14000,WE4,4.1560129897462,13875,0.702162162162162,0.921162790697674,4.14263973156611,0.624391891891892,1.35553571428571,84.8387605960043
Q2,8/13/2019 Whole,8,13,2019 Whole,grn,225-Whole,14000,WE4,4.1560129897462,13875,0.374594594594595,0.282558139534884,4.14263973156611,0.515608108108108,0.469461734693878,31.6986200073652
Q2,8/13/2019 Whole,8,13,2019 Whole,total,225-Whole,14000,WE4,4.1560129897462,13875,2.95648648648649,3.70046511627907,4.14263973156611,3.1525,4.45165306122449,20.3165706639854
Q2,8/13/2019 Whole,8,13,2019 Whole,yellow_sub,225-Whole,14000,WE4,4.1560129897462,13875,0.353513513513514,0.436046511627907,4.14263973156611,0.344797297297297,0.393354591836735,-13.1497905842996
Q2,8/15/18,8,15,2018,blugrn,228,14000,WE4,4.969410569138,13925,2.65711538461538,2.18536585365854,4.96683787447435,2.85386862669121,2.60135236079836,14.4825346494851
Q2,8/15/18,8,15,2018,crypto,228,14000,WE4,4.969410569138,13925,0.429230769230769,0.251463414634146,4.96683787447435,0.646210484678227,0.519800953181946,44.655699611357
Q2,8/15/18,8,15,2018,diatom,228,14000,WE4,4.969410569138,13925,1.60826923076923,1.0780487804878,4.96683787447435,1.62442854144467,1.63783300324661,57.5031307166713
Q2,8/15/18,8,15,2018,grn,228,14000,WE4,4.969410569138,13925,3.02519230769231,2.16585365853659,4.96683787447435,2.81220696502955,3.01526122068785,56.8908279494077
Q2,8/15/18,8,15,2018,total,228,14000,WE4,4.969410569138,13925,7.71942307692308,5.6790243902439,4.96683787447435,7.93722981045562,7.77392233466272,40.3105120813137
Q2,8/15/18,8,15,2018,yellow_sub,228,14000,WE4,4.969410569138,13925,0.782692307692308,0.72609756097561,4.96683787447435,0.803109076818754,0.672368214004721,-14.4565240672554
Q2,8/22/19,8,22,2019,blugrn,234,14000,SB15,4.59442315876484,13850,5.18518518518519,5.18068965517241,4.63147333551336,5.24801889866406,5.2925,1.41806913704743
Q2,8/22/19,8,22,2019,crypto,234,14000,SB15,4.59442315876484,13850,3.84259259259259,3.36241379310345,4.63147333551336,3.68950146627566,3.54944444444444,14.4417600050434
Q2,8/22/19,8,22,2019,diatom,234,14000,SB15,4.59442315876484,13850,0.49037037037037,0.399310344827586,4.63147333551336,0.59276311502118,0.837555555555555,83.9670919633658
Q2,8/22/19,8,22,2019,grn,234,14000,SB15,4.59442315876484,13850,0,0,4.63147333551336,0,0,NA
Q2,8/22/19,8,22,2019,total,234,14000,SB15,4.59442315876484,13850,9.5162962962963,8.94137931034483,4.63147333551336,9.52964483545129,9.67894444444445,11.862835734885
Q2,8/22/19,8,22,2019,yellow_sub,234,14000,SB15,4.59442315876484,13850,0.731851851851852,0.760689655172414,4.63147333551336,0.721176278918214,0.711166666666667,-8.01774215901495
Q2,8/8/2019 Whole,8,8,2019 Whole,blugrn,220-Whole,14000,SB15,5.25,13850,2.67365853658537,2.5604347826087,5.2762769823273,2.69108312858313,2.57300940438871,-0.212917652662744
Q2,8/8/2019 Whole,8,8,2019 Whole,crypto,220-Whole,14000,SB15,5.25,13850,2.64634146341463,2.72739130434783,5.2762769823273,2.73084971334971,2.84352664576803,1.36863566692469
Q2,8/8/2019 Whole,8,8,2019 Whole,diatom,220-Whole,14000,SB15,5.25,13850,1.7880487804878,1.18652173913043,5.2762769823273,1.81634725634726,1.68974399164054,45.0464520812631
Q2,8/8/2019 Whole,8,8,2019 Whole,grn,220-Whole,14000,SB15,5.25,13850,0,0,5.2762769823273,0,0,NA
Q2,8/8/2019 Whole,8,8,2019 Whole,total,220-Whole,14000,SB15,5.25,13850,7.10658536585366,6.47391304347826,5.2762769823273,7.23879402129402,7.10574712643678,9.95872491883757
Q2,8/8/2019 Whole,8,8,2019 Whole,yellow_sub,220-Whole,14000,SB15,5.25,13850,0.82219512195122,0.77,5.2762769823273,0.822358722358722,0.750449320794148,-3.45564713914708
Q2,9/18/19,9,18,2019,blugrn,261,14000,WE4,2.7422113290098,13900,0.923823529411765,0.902222222222222,2.69820673006552,0.923272772216043,1.05498127619138,40.0806651401391
Q2,9/18/19,9,18,2019,crypto,261,14000,WE4,2.7422113290098,13900,0.397941176470588,0.0419444444444444,2.69820673006552,0.451710879653038,0.281574196047171,453.691621545239
Q2,9/18/19,9,18,2019,diatom,261,14000,WE4,2.7422113290098,13900,0.832647058823529,0.0833333333333333,2.69820673006552,0.760247637666992,0.859659323510934,618.937427725328
Q2,9/18/19,9,18,2019,grn,261,14000,WE4,2.7422113290098,13900,0.312941176470588,0.0075,2.69820673006552,0.324495005674094,0.134068527112931,726.798542335676
Q2,9/18/19,9,18,2019,total,261,14000,WE4,2.7422113290098,13900,2.46882352941176,1.03527777777778,2.69820673006552,2.46127144638824,2.32993388682848,207.848185973099
Q2,9/18/19,9,18,2019,yellow_sub,261,14000,WE4,2.7422113290098,13900,0.356470588235294,0.423055555555556,2.69820673006552,0.376946101729194,0.396731496305904,-30.6562748826514
Q2,9/6/19,9,6,2019,blugrn,249,14000,SB15,4.2897533936633,13875,7.88203619909502,7.4079,4.3704231401726,7.93178242615085,7.31963940859902,-2.98250459062839
Q2,9/6/19,9,6,2019,crypto,249,14000,SB15,4.2897533936633,13875,3.61846153846154,3.4453,4.3704231401726,4.11801731893837,3.98382239139889,2.59584495447267
Q2,9/6/19,9,6,2019,diatom,249,14000,SB15,4.2897533936633,13875,6.84651583710407,5.1139,4.3704231401726,5.91180278152647,6.1958449418119,55.2698310356811
Q2,9/6/19,9,6,2019,grn,249,14000,SB15,4.2897533936633,13875,0,0,4.3704231401726,0,0,NA
Q2,9/6/19,9,6,2019,total,249,14000,SB15,4.2897533936633,13875,18.3473303167421,15.9661,4.3704231401726,17.9614847678313,17.4994021726947,18.4316746226772
Q2,9/6/19,9,6,2019,yellow_sub,249,14000,SB15,4.2897533936633,13875,0.871357466063348,1.1033,4.3704231401726,0.99384742840006,0.925273492317556,-50.1782003440709
Q3,10/4/18,10,4,2018,blugrn,277,14000,WE4,3.87449712640709,13925,2.55448275862069,1.8978125,3.85584852887524,2.52922469135802,2.38307966394458,42.9320410978146
Q3,10/4/18,10,4,2018,crypto,277,14000,WE4,3.87449712640709,13925,0.279655172413793,0.0146875,3.85584852887524,0.0173876543209877,0.0263055608309142,607.151389398148
Q3,10/4/18,10,4,2018,diatom,277,14000,WE4,3.87449712640709,13925,2.72931034482759,1.341875,3.85584852887524,2.95475802469136,2.83880381996256,121.038405798387
Q3,10/4/18,10,4,2018,grn,277,14000,WE4,3.87449712640709,13925,0.131034482758621,0.0115625,3.85584852887524,0.268772839506173,0.343465458458811,482.91154187089
Q3,10/4/18,10,4,2018,total,277,14000,WE4,3.87449712640709,13925,5.69379310344828,3.2653125,3.85584852887524,5.76998518518519,5.59089837850548,94.759176887842
Q3,10/4/18,10,4,2018,yellow_sub,277,14000,WE4,3.87449712640709,13925,1.26172413793103,1.259375,3.85584852887524,1.23293580246914,1.10847029671632,-18.8895569224353
Q3,6/12/19,6,12,2019,blugrn,163,14000,SB15,4.70230030722088,13850,2.12390476190476,2.35588709677419,4.68309419987378,2.22811956693536,2.29509601777588,-11.0224924942927
Q3,6/12/19,6,12,2019,crypto,163,14000,SB15,4.70230030722088,13850,2.48961904761905,2.37120967741935,4.68309419987378,2.55535433177538,2.75852230660053,18.6427053429576
Q3,6/12/19,6,12,2019,grn,163,14000,SB15,4.70230030722088,13850,0,0,4.68309419987378,0,0,NA
Q3,6/12/19,6,12,2019,total,163,14000,SB15,4.70230030722088,13850,4.88933333333333,4.72733870967742,4.68309419987378,5.1002933121091,5.2785090332169,10.1285385397401
Q3,6/12/19,6,12,2019,yellow_sub,163,14000,SB15,4.70230030722088,13850,0.736857142857143,0.810564516129032,4.68309419987378,0.732959628801734,0.710732774388013,-18.7762800017821
Q3,6/28/18,6,28,2018,blugrn,180,14000,WE4,3.52169312172466,13925,1.20928571428571,3.76037037037037,3.70793650794912,1.93630952380952,1.30134920634921,-304.486753620429
Q3,6/28/18,6,28,2018,diatom,180,14000,WE4,3.52169312172466,13925,1.27892857142857,0.696296296296296,3.70793650794912,1.27071428571429,1.48729276895944,152.133278983544
Q3,6/28/18,6,28,2018,grn,180,14000,WE4,3.52169312172466,13925,0.4025,0.60037037037037,3.70793650794912,0.298095238095238,0.325308641975309,-62.113076778017
Q3,6/28/18,6,28,2018,total,180,14000,WE4,3.52169312172466,13925,2.89071428571429,5.38148148148148,3.70793650794912,3.64702380952381,3.1532671957672,-152.441640472703
Q3,6/28/18,6,28,2018,yellow_sub,180,14000,WE4,3.52169312172466,13925,1.86214285714286,1.65814814814815,3.70793650794912,1.85333333333333,1.83401234567901,20.9793249856572
Q3,7/10/18,7,10,2018,blugrn,192,14000,WE4,2.66277777777778,13925,0.905,0.778,2.63337949995641,0.983605508870215,0.935564713064713,26.5864013274353
Q3,7/10/18,7,10,2018,crypto,192,14000,WE4,2.66277777777778,13925,0.739,0.115333333333333,2.63337949995641,0.67870059134765,0.484135124135124,399.492137669468
Q3,7/10/18,7,10,2018,diatom,192,14000,WE4,2.66277777777778,13925,2.43433333333333,0.906,2.63337949995641,2.46073544973545,2.65105575905576,279.415212661472
Q3,7/10/18,7,10,2018,grn,192,14000,WE4,2.66277777777778,13925,3.06233333333333,1.44866666666667,2.63337949995641,3.1668370681606,3.32472039072039,209.566895488716
Q3,7/10/18,7,10,2018,total,192,14000,WE4,2.66277777777778,13925,7.14,3.249,2.63337949995641,7.29034982882042,7.39558363858364,210.752811336021
Q3,7/10/18,7,10,2018,yellow_sub,192,14000,WE4,2.66277777777778,13925,0.64,0.554333333333333,2.63337949995641,0.631794273264861,0.471614163614164,-39.0909248160937
Q3,7/10/19,7,10,2019,blugrn,191,14000,SB15,4.54192748791642,13850,4.56037735849057,4.75882352941176,4.52953417817752,4.66699754901961,4.79307047168749,-2.45663921380734
Q3,7/10/19,7,10,2019,crypto,191,14000,SB15,4.54192748791642,13850,1.12716981132075,1.03482352941176,4.52953417817752,1.02366953564371,1.04116268804399,15.7854358065509
Q3,7/10/19,7,10,2019,diatom,191,14000,SB15,4.54192748791642,13850,3.36981132075472,2.84105882352941,4.52953417817752,3.58806306049552,3.60302286448983,26.9463623155848
Q3,7/10/19,7,10,2019,grn,191,14000,SB15,4.54192748791642,13850,0,0,4.52953417817752,0,0,NA
Q3,7/10/19,7,10,2019,total,191,14000,SB15,4.54192748791642,13850,9.05603773584906,8.63470588235294,4.52953417817752,9.27845284237726,9.43730902314889,9.95891559664275
Q3,7/10/19,7,10,2019,yellow_sub,191,14000,SB15,4.54192748791642,13850,0.580943396226415,0.634235294117647,4.52953417817752,0.569120402036784,0.497126444953993,-34.370870684101
Q3,7/18/19,7,18,2019,blugrn,199,14000,WE4,3.784375,13900,1.65479166666667,1.09945945945946,3.82020312137074,1.85742097597847,1.79298103728211,69.0954222069026
Q3,7/18/19,7,18,2019,crypto,199,14000,WE4,3.784375,13900,0.152708333333333,0.181081081081081,3.82020312137074,0.188611359991151,0.234703611800386,8.9192659142578
Q3,7/18/19,7,18,2019,diatom,199,14000,WE4,3.784375,13900,2.2525,0.84972972972973,3.82020312137074,2.23165204726877,2.34111494041602,189.181558783766
Q3,7/18/19,7,18,2019,grn,199,14000,WE4,3.784375,13900,2.188125,0.787027027027027,3.82020312137074,2.16610674188375,2.54105045492142,218.669842218846
Q3,7/18/19,7,18,2019,total,199,14000,WE4,3.784375,13900,6.24854166666667,2.91621621621622,3.82020312137074,6.44422952270339,6.90965566890298,153.858194966744
Q3,7/18/19,7,18,2019,yellow_sub,199,14000,WE4,3.784375,13900,0.680208333333333,0.712162162162162,3.82020312137074,0.659504415316262,0.531532947339399,-48.3939883279728
Q3,7/25/18,7,25,2018,blugrn,206,14000,WE4,4.23833333333333,13925,3.86133333333333,3.85,4.27180942550853,4.1684421101774,3.91622186234818,-9.82294517477679
Q3,7/25/18,7,25,2018,crypto,206,14000,WE4,4.23833333333333,13925,0.478,0.421333333333333,4.27180942550853,0.655548397136632,0.73416383265857,39.546810643932
Q3,7/25/18,7,25,2018,diatom,206,14000,WE4,4.23833333333333,13925,2.001,1.16933333333333,4.27180942550853,1.98339666977902,1.98568070175439,88.9158304915685
Q3,7/25/18,7,25,2018,grn,206,14000,WE4,4.23833333333333,13925,0.443,0.0373333333333333,4.27180942550853,0.274139122315593,0.554861538461539,525.002653545059
Q3,7/25/18,7,25,2018,total,206,14000,WE4,4.23833333333333,13925,6.784,5.48,4.27180942550853,7.08066588857765,7.18955951417004,37.7758451885809
Q3,7/25/18,7,25,2018,yellow_sub,206,14000,WE4,4.23833333333333,13925,1.145,1.22566666666667,4.27180942550853,1.21798179271709,1.13113819163293,-23.4610583413924
Q3,7/25/19,7,25,2019,blugrn,206,14000,SB15,5.3723737373617,13850,8.83393939393939,8.73366666666667,5.37050371872054,8.92927450980392,8.88358237547893,0.818978195179896
Q3,7/25/19,7,25,2019,crypto,206,14000,SB15,5.3723737373617,13850,5.00757575757576,5.0235,5.37050371872054,5.15831590413943,4.89018199233716,-7.36898304238666
Q3,7/25/19,7,25,2019,diatom,206,14000,SB15,5.3723737373617,13850,4.02636363636364,3.577,5.37050371872054,3.93811220043573,4.26423690932312,25.7857472436802
Q3,7/25/19,7,25,2019,grn,206,14000,SB15,5.3723737373617,13850,0,0,5.37050371872054,0,0,NA
Q3,7/25/19,7,25,2019,total,206,14000,SB15,5.3723737373617,13850,17.8669696969697,17.3336666666667,5.37050371872054,18.0245697167756,18.0379533844189,4.0450888698709
Q3,7/25/19,7,25,2019,yellow_sub,206,14000,SB15,5.3723737373617,13850,1.53333333333333,1.32666666666667,5.37050371872054,1.55328104575163,1.40563218390805,5.84927640914474
Q3,7/31/19,7,31,2019,blugrn,212,14000,WE4,3.26881172345744,13900,24.6008219178082,22.066976744186,3.30410874852428,24.1767826521024,22.8049097744361,10.7673660300548
Q3,7/31/19,7,31,2019,crypto,212,14000,WE4,3.26881172345744,13900,2.25684931506849,2.25558139534884,3.30410874852428,1.89850334742777,1.94156780840991,4.92360241669823
Q3,7/31/19,7,31,2019,grn,212,14000,WE4,3.26881172345744,13900,0,0,3.30410874852428,0,0,NA
Q3,7/31/19,7,31,2019,total,212,14000,WE4,3.26881172345744,13900,26.9008219178082,24.3213953488372,3.30410874852428,26.1689128200611,24.8126775271512,10.1896556454666
Q3,7/31/19,7,31,2019,yellow_sub,212,14000,WE4,3.26881172345744,13900,1.22698630136986,1.12883720930233,3.30410874852428,1.2949073584684,1.16590169869117,-4.61942238368675
Q3,8/13/2019 Diluted,8,13,2019 Diluted,blugrn,225-Diluted,14000,WE4,4.15038759688536,13875,1.12790697674419,1.51,4.13166617082225,1.06149455111572,2.08812263210369,64.906972551684
Q3,8/13/2019 Diluted,8,13,2019 Diluted,diatom,225-Diluted,14000,WE4,4.15038759688536,13875,0.340697674418605,0.390967741935484,4.13166617082225,0.379387649195641,0.991142572283151,138.750711449727
Q3,8/13/2019 Diluted,8,13,2019 Diluted,grn,225-Diluted,14000,WE4,4.15038759688536,13875,0.254883720930233,0.172903225806452,4.13166617082225,0.210697976128697,0.472387836490528,201.623340322196
Q3,8/13/2019 Diluted,8,13,2019 Diluted,total,225-Diluted,14000,WE4,4.15038759688536,13875,2.11441860465116,2.07516129032258,4.13166617082225,2.03674623767514,3.56019341974078,97.3503359547562
Q3,8/13/2019 Diluted,8,13,2019 Diluted,yellow_sub,225-Diluted,14000,WE4,4.15038759688536,13875,0.333488372093023,0.363870967741936,4.13166617082225,0.331554229372081,0.326664007976072,-17.2117403000088
Q3,8/15/18,8,15,2018,blugrn,228,14000,WE4,4.96968390802542,13925,2.95689655172414,2.704,4.96683787447435,2.85386862669121,2.60135236079836,-0.45579522139922
Q3,8/15/18,8,15,2018,crypto,228,14000,WE4,4.96968390802542,13925,0.89,0.39675,4.96683787447435,0.646210484678227,0.519800953181946,83.137087643039
Q3,8/15/18,8,15,2018,diatom,228,14000,WE4,4.96968390802542,13925,1.68862068965517,1.1465,4.96683787447435,1.62442854144467,1.63783300324661,55.6959583044012
Q3,8/15/18,8,15,2018,grn,228,14000,WE4,4.96968390802542,13925,2.94862068965517,1.9505,4.96683787447435,2.81220696502955,3.01526122068785,68.028079136622
Q3,8/15/18,8,15,2018,total,228,14000,WE4,4.96968390802542,13925,8.48379310344828,6.19675,4.96683787447435,7.93722981045562,7.77392233466272,41.3185724577916
Q3,8/15/18,8,15,2018,yellow_sub,228,14000,WE4,4.96968390802542,13925,0.704137931034483,0.74275,4.96683787447435,0.803109076818754,0.672368214004721,-32.5470933754173
Q3,8/22/19,8,22,2019,blugrn,234,14000,SB15,4.59757936510775,13850,5.57,5.83178571428571,4.63147333551336,5.24801889866406,5.2925,-5.70771832827889
Q3,8/22/19,8,22,2019,crypto,234,14000,SB15,4.59757936510775,13850,3.73533333333333,3.07785714285714,4.63147333551336,3.68950146627566,3.54944444444444,23.5846354268542
Q3,8/22/19,8,22,2019,diatom,234,14000,SB15,4.59757936510775,13850,0.748666666666667,0.798928571428571,4.63147333551336,0.59276311502118,0.837555555555555,42.7399982183069
Q3,8/22/19,8,22,2019,grn,234,14000,SB15,4.59757936510775,13850,0,0,4.63147333551336,0,0,NA
Q3,8/22/19,8,22,2019,total,234,14000,SB15,4.59757936510775,13850,10.0536666666667,9.70821428571429,4.63147333551336,9.52964483545129,9.67894444444445,7.69041988796703
Q3,8/22/19,8,22,2019,yellow_sub,234,14000,SB15,4.59757936510775,13850,0.713333333333333,0.766071428571429,4.63147333551336,0.721176278918214,0.711166666666667,-12.9877837077341
Q3,8/8/2019 Diluted,8,8,2019 Diluted,blugrn,220-Diluted,14000,SB15,5.23968968974219,13850,1.61297297297297,1.52666666666667,5.28278311964538,1.56277777777778,1.59316666666667,9.91963005569593
Q3,8/8/2019 Diluted,8,8,2019 Diluted,crypto,220-Diluted,14000,SB15,5.23968968974219,13850,1.58594594594595,1.46259259259259,5.28278311964538,1.45564102564103,1.468125,11.9581691684395
Q3,8/8/2019 Diluted,8,8,2019 Diluted,diatom,220-Diluted,14000,SB15,5.23968968974219,13850,1.03972972972973,0.716666666666667,5.28278311964538,1.16528846153846,1.277625,62.0070368040448
Q3,8/8/2019 Diluted,8,8,2019 Diluted,grn,220-Diluted,14000,SB15,5.23968968974219,13850,0,0,5.28278311964538,0,0.00325,NA
Q3,8/8/2019 Diluted,8,8,2019 Diluted,total,220-Diluted,14000,SB15,5.23968968974219,13850,4.23864864864865,3.70555555555556,5.28278311964538,4.18354700854701,4.34220833333333,22.9296850753075
Q3,8/8/2019 Diluted,8,8,2019 Diluted,yellow_sub,220-Diluted,14000,SB15,5.23968968974219,13850,0.73945945945946,0.702962962962963,5.28278311964538,0.721773504273504,0.63475,-10.402417002592
Q3,9/18/19,9,18,2019,blugrn,261,14000,WE4,2.74127209597164,13900,0.9940625,1.18727272727273,2.69820673006552,0.923272772216043,1.05498127619138,-11.3021717741635
Q3,9/18/19,9,18,2019,diatom,261,14000,WE4,2.74127209597164,13900,0.6621875,0.102727272727273,2.69820673006552,0.760247637666992,0.859659323510934,507.229526022298
Q3,9/18/19,9,18,2019,grn,261,14000,WE4,2.74127209597164,13900,0.225,0.216666666666667,2.69820673006552,0.324495005674094,0.134068527112931,-216.076735686979
Q3,9/18/19,9,18,2019,total,261,14000,WE4,2.74127209597164,13900,2.5278125,1.50636363636364,2.69820673006552,2.46127144638824,2.32993388682848,118.18319746541
Q3,9/18/19,9,18,2019,yellow_sub,261,14000,WE4,2.74127209597164,13900,0.3859375,0.36969696969697,2.69820673006552,0.376946101729194,0.396731496305904,24.0415738035056
Q3,9/6/19,9,6,2019,blugrn,249,14000,SB15,4.25092490845256,13875,7.6,7.41703296703297,4.3704231401726,7.93178242615085,7.31963940859902,-9.21288974636837
Q3,9/6/19,9,6,2019,crypto,249,14000,SB15,4.25092490845256,13875,3.9216,3.52846153846154,4.3704231401726,4.11801731893837,3.98382239139889,11.9398506768719
Q3,9/6/19,9,6,2019,diatom,249,14000,SB15,4.25092490845256,13875,6.0628,4.17131868131868,4.3704231401726,5.91180278152647,6.1958449418119,69.304286347881
Q3,9/6/19,9,6,2019,grn,249,14000,SB15,4.25092490845256,13875,0,0,4.3704231401726,0,0,NA
Q3,9/6/19,9,6,2019,total,249,14000,SB15,4.25092490845256,13875,17.5846,15.1179120879121,4.3704231401726,17.9614847678313,17.4994021726947,20.5969681649143
Q3,9/6/19,9,6,2019,yellow_sub,249,14000,SB15,4.25092490845256,13875,1.0404,1.11868131868132,4.3704231401726,0.99384742840006,0.925273492317556,-23.7190214067065
Q4,10/4/18,10,4,2018,blugrn,277,14000,WE4,3.87864583333333,13925,2.433125,1.95540540540541,3.85584852887524,2.52922469135802,2.38307966394458,28.7063595502149
Q4,10/4/18,10,4,2018,crypto,277,14000,WE4,3.87864583333333,13925,0.0478125,0.00567567567567568,3.85584852887524,0.0173876543209877,0.0263055608309142,459.330979903501
Q4,10/4/18,10,4,2018,diatom,277,14000,WE4,3.87864583333333,13925,2.8921875,1.39108108108108,3.85584852887524,2.95475802469136,2.83880381996256,124.870530648915
Q4,10/4/18,10,4,2018,grn,277,14000,WE4,3.87864583333333,13925,0.36125,0.0367567567567568,3.85584852887524,0.268772839506173,0.343465458458811,456.687150546357
Q4,10/4/18,10,4,2018,total,277,14000,WE4,3.87864583333333,13925,5.7340625,3.38810810810811,3.85584852887524,5.76998518518519,5.59089837850548,89.267273505687
Q4,10/4/18,10,4,2018,yellow_sub,277,14000,WE4,3.87864583333333,13925,1.208125,1.33405405405405,3.85584852887524,1.23293580246914,1.10847029671632,-37.1003374382181
Q4,6/12/19,6,12,2019,blugrn,163,14000,SB15,4.72860119044781,13850,2.12525,2.38619047619048,4.68309419987378,2.22811956693536,2.29509601777588,-12.7594626233233
Q4,6/12/19,6,12,2019,crypto,163,14000,SB15,4.72860119044781,13850,2.350625,2.26537414965986,4.68309419987378,2.55535433177538,2.75852230660053,16.7939502896826
Q4,6/12/19,6,12,2019,grn,163,14000,SB15,4.72860119044781,13850,0,0,4.68309419987378,0,0,NA
Q4,6/12/19,6,12,2019,total,163,14000,SB15,4.72860119044781,13850,4.828375,4.65210884353742,4.68309419987378,5.1002933121091,5.2785090332169,10.5897020416408
Q4,6/12/19,6,12,2019,yellow_sub,163,14000,SB15,4.72860119044781,13850,0.72075,0.81265306122449,4.68309419987378,0.732959628801734,0.710732774388013,-22.3246225135223
Q4,6/28/18,6,28,2018,blugrn,180,14000,WE4,3.51011904756228,13925,1.66857142857143,0.743214285714286,3.70793650794912,1.93630952380952,1.30134920634921,82.0341108214129
Q4,6/28/18,6,28,2018,diatom,180,14000,WE4,3.51011904756228,13925,1.38321428571429,0.961071428571429,3.70793650794912,1.27071428571429,1.48729276895944,103.998302731152
Q4,6/28/18,6,28,2018,grn,180,14000,WE4,3.51011904756228,13925,0.184285714285714,0.131785714285714,3.70793650794912,0.298095238095238,0.325308641975309,84.2906015574159
Q4,6/28/18,6,28,2018,total,180,14000,WE4,3.51011904756228,13925,3.28821428571429,1.83535714285714,3.70793650794912,3.64702380952381,3.1532671957672,87.274323533874
Q4,6/28/18,6,28,2018,yellow_sub,180,14000,WE4,3.51011904756228,13925,1.8875,1.83321428571429,3.70793650794912,1.85333333333333,1.83401234567901,3.72974103918411
Q4,7/10/18,7,10,2018,blugrn,192,14000,WE4,2.67282913161649,13925,0.786785714285714,0.832058823529412,2.63337949995641,0.983605508870215,0.935564713064713,-27.7665568599966
Q4,7/10/18,7,10,2018,crypto,192,14000,WE4,2.67282913161649,13925,0.9375,0.125,2.63337949995641,0.67870059134765,0.484135124135124,439.220331328019
Q4,7/10/18,7,10,2018,diatom,192,14000,WE4,2.67282913161649,13925,2.16321428571429,1.02058823529412,2.63337949995641,2.46073544973545,2.65105575905576,216.250119138308
Q4,7/10/18,7,10,2018,grn,192,14000,WE4,2.67282913161649,13925,3.45821428571429,1.50941176470588,2.63337949995641,3.1668370681606,3.32472039072039,229.861015132297
Q4,7/10/18,7,10,2018,total,192,14000,WE4,2.67282913161649,13925,7.34571428571429,3.48735294117647,2.63337949995641,7.29034982882042,7.39558363858364,198.858162808617
Q4,7/10/18,7,10,2018,yellow_sub,192,14000,WE4,2.67282913161649,13925,0.528571428571429,0.548235294117647,2.63337949995641,0.631794273264861,0.471614163614164,-86.1448504516062
Q4,7/10/19,7,10,2019,blugrn,191,14000,SB15,4.53799320922958,13850,4.60041095890411,4.83230769230769,4.52953417817752,4.66699754901961,4.79307047168749,-3.47427841494278
Q4,7/10/19,7,10,2019,crypto,191,14000,SB15,4.53799320922958,13850,1.17876712328767,1.10923076923077,4.52953417817752,1.02366953564371,1.04116268804399,11.9926637703714
Q4,7/10/19,7,10,2019,diatom,191,14000,SB15,4.53799320922958,13850,3.36424657534247,2.60179487179487,4.52953417817752,3.58806306049552,3.60302286448983,40.2852536855039
Q4,7/10/19,7,10,2019,grn,191,14000,SB15,4.53799320922958,13850,0,0,4.52953417817752,0,0,NA
Q4,7/10/19,7,10,2019,total,191,14000,SB15,4.53799320922958,13850,9.14369863013699,8.54205128205128,4.52953417817752,9.27845284237726,9.43730902314889,13.1176705406547
Q4,7/10/19,7,10,2019,yellow_sub,191,14000,SB15,4.53799320922958,13850,0.571369863013699,0.659230769230769,4.52953417817752,0.569120402036784,0.497126444953993,-42.926278161159
Q4,7/18/19,7,18,2019,blugrn,199,14000,WE4,3.76894755747583,13900,1.80051724137931,1.000625,3.82020312137074,1.85742097597847,1.79298103728211,102.547961281722
Q4,7/18/19,7,18,2019,crypto,199,14000,WE4,3.76894755747583,13900,0.221034482758621,0.255,3.82020312137074,0.188611359991151,0.234703611800386,14.0577826060395
Q4,7/18/19,7,18,2019,diatom,199,14000,WE4,3.76894755747583,13900,2.47008620689655,0.9640625,3.82020312137074,2.23165204726877,2.34111494041602,183.636448875677
Q4,7/18/19,7,18,2019,grn,199,14000,WE4,3.76894755747583,13900,2.4626724137931,1.1809375,3.82020312137074,2.16610674188375,2.54105045492142,166.149628810452
Q4,7/18/19,7,18,2019,total,199,14000,WE4,3.76894755747583,13900,6.95327586206897,3.39875,3.82020312137074,6.44422952270339,6.90965566890298,145.896944101764
Q4,7/18/19,7,18,2019,yellow_sub,199,14000,WE4,3.76894755747583,13900,0.655689655172414,0.70375,3.82020312137074,0.659504415316262,0.531532947339399,-53.203539344962
Q4,7/25/18,7,25,2018,blugrn,206,14000,WE4,4.23392857140965,13925,4.11571428571429,3.60714285714286,4.27180942550853,4.1684421101774,3.91622186234818,11.4874352515828
Q4,7/25/18,7,25,2018,crypto,206,14000,WE4,4.23392857140965,13925,0.727142857142857,0.338571428571429,4.27180942550853,0.655548397136632,0.73416383265857,145.102487132534
Q4,7/25/18,7,25,2018,diatom,206,14000,WE4,4.23392857140965,13925,1.8775,1.12714285714286,4.27180942550853,1.98339666977902,1.98568070175439,84.5513136467446
Q4,7/25/18,7,25,2018,grn,206,14000,WE4,4.23392857140965,13925,0.4825,0.0171428571428571,4.27180942550853,0.274139122315593,0.554861538461539,668.347964928054
Q4,7/25/18,7,25,2018,total,206,14000,WE4,4.23392857140965,13925,7.20285714285714,5.08952380952381,4.27180942550853,7.08066588857765,7.18955951417004,59.9416857781364
Q4,7/25/18,7,25,2018,yellow_sub,206,14000,WE4,4.23392857140965,13925,1.17571428571429,1.2447619047619,4.27180942550853,1.21798179271709,1.13113819163293,-21.6648613202697
Q4,7/25/19,7,25,2019,blugrn,206,14000,SB15,5.37663538687759,13850,9.10719298245614,9.13046511627907,5.37050371872054,8.92927450980392,8.88358237547893,-1.00018797170546
Q4,7/25/19,7,25,2019,crypto,206,14000,SB15,5.37663538687759,13850,5.01035087719298,4.99744186046512,5.37050371872054,5.15831590413943,4.89018199233716,-6.61391057098184
Q4,7/25/19,7,25,2019,diatom,206,14000,SB15,5.37663538687759,13850,4.0480701754386,3.51372093023256,5.37050371872054,3.93811220043573,4.26423690932312,28.7891067693677
Q4,7/25/19,7,25,2019,grn,206,14000,SB15,5.37663538687759,13850,0,0,5.37050371872054,0,0,NA
Q4,7/25/19,7,25,2019,total,206,14000,SB15,5.37663538687759,13850,18.1656140350877,17.6409302325581,5.37050371872054,18.0245697167756,18.0379533844189,3.91241947627201
Q4,7/25/19,7,25,2019,yellow_sub,206,14000,SB15,5.37663538687759,13850,1.52368421052632,1.42418604651163,5.37050371872054,1.55328104575163,1.40563218390805,-4.21194660170824
Q4,7/31/19,7,31,2019,blugrn,212,14000,WE4,3.24776114920775,13900,23.0084042553191,20.4042372881356,3.30410874852428,24.1767826521024,22.8049097744361,13.2983998663917
Q4,7/31/19,7,31,2019,crypto,212,14000,WE4,3.24776114920775,13900,1.57914893617021,1.77,3.30410874852428,1.89850334742777,1.94156780840991,-19.7565306932385
Q4,7/31/19,7,31,2019,diatom,212,14000,WE4,3.24776114920775,13900,0.0496808510638298,0.00915254237288135,3.30410874852428,0.0932652102419544,0.0659640768588137,289.946110542152
Q4,7/31/19,7,31,2019,grn,212,14000,WE4,3.24776114920775,13900,0,0,3.30410874852428,0,0,NA
Q4,7/31/19,7,31,2019,total,212,14000,WE4,3.24776114920775,13900,24.6379787234043,22.1840677966102,3.30410874852428,26.1689128200611,24.8126775271512,11.1424743572304
Q4,7/31/19,7,31,2019,yellow_sub,212,14000,WE4,3.24776114920775,13900,1.2981914893617,1.18,3.30410874852428,1.2949073584684,1.16590169869117,-2.04469376738838
Q4,8/13/2019 Diluted,8,13,2019 Diluted,blugrn,225-Diluted,14000,WE4,4.14542452832063,13875,1.01018867924528,1.33766666666667,4.13166617082225,1.06149455111572,2.08812263210369,66.8347705493963
Q4,8/13/2019 Diluted,8,13,2019 Diluted,diatom,225-Diluted,14000,WE4,4.14542452832063,13875,0.30377358490566,0.355166666666667,4.13166617082225,0.379387649195641,0.991142572283151,135.763357810648
Q4,8/13/2019 Diluted,8,13,2019 Diluted,grn,225-Diluted,14000,WE4,4.14542452832063,13875,0.330943396226415,0.195,4.13166617082225,0.210697976128697,0.472387836490528,225.652567917305
Q4,8/13/2019 Diluted,8,13,2019 Diluted,total,225-Diluted,14000,WE4,4.14542452832063,13875,2.01169811320755,1.8875,4.13166617082225,2.03674623767514,3.56019341974078,105.063092879316
Q4,8/13/2019 Diluted,8,13,2019 Diluted,yellow_sub,225-Diluted,14000,WE4,4.14542452832063,13875,0.331698113207547,0.355,4.13166617082225,0.331554229372081,0.326664007976072,-13.9735363274109
Q4,8/15/18,8,15,2018,blugrn,228,14000,WE4,4.97393162396219,13925,2.88485714285714,2.63205128205128,4.96683787447435,2.85386862669121,2.60135236079836,-0.131185510298436
Q4,8/15/18,8,15,2018,crypto,228,14000,WE4,4.97393162396219,13925,0.575714285714286,0.436666666666667,4.96683787447435,0.646210484678227,0.519800953181946,8.26980390092422
Q4,8/15/18,8,15,2018,diatom,228,14000,WE4,4.97393162396219,13925,1.54457142857143,0.946666666666667,4.96683787447435,1.62442854144467,1.63783300324661,70.0534077425133
Q4,8/15/18,8,15,2018,grn,228,14000,WE4,4.97393162396219,13925,2.87171428571429,2.11769230769231,4.96683787447435,2.81220696502955,3.01526122068785,52.6765117685
Q4,8/15/18,8,15,2018,total,228,14000,WE4,4.97393162396219,13925,7.87742857142857,6.13179487179487,4.96683787447435,7.93722981045562,7.77392233466272,32.3299932365665
Q4,8/15/18,8,15,2018,yellow_sub,228,14000,WE4,4.97393162396219,13925,0.794,0.696410256410256,4.96683787447435,0.803109076818754,0.672368214004721,-6.5497324538173
Q4,8/22/19,8,22,2019,blugrn,234,14000,SB15,4.60269392033418,13850,4.67266666666667,5.00867924528302,4.63147333551336,5.24801889866406,5.2925,-9.27751875582125
Q4,8/22/19,8,22,2019,crypto,234,14000,SB15,4.60269392033418,13850,3.69366666666667,3.24377358490566,4.63147333551336,3.68950146627566,3.54944444444444,13.8674087623179
Q4,8/22/19,8,22,2019,diatom,234,14000,SB15,4.60269392033418,13850,0.650666666666667,0.25811320754717,4.63147333551336,0.59276311502118,0.837555555555555,193.19215618407
Q4,8/22/19,8,22,2019,grn,234,14000,SB15,4.60269392033418,13850,0,0,4.63147333551336,0,0,NA
Q4,8/22/19,8,22,2019,total,234,14000,SB15,4.60269392033418,13850,9.016,8.51094339622641,4.63147333551336,9.52964483545129,9.67894444444445,11.1316046504398
Q4,8/22/19,8,22,2019,yellow_sub,234,14000,SB15,4.60269392033418,13850,0.716333333333333,0.805094339622642,4.63147333551336,0.721176278918214,0.711166666666667,-19.8912745086816
Q4,8/8/2019 Diluted,8,8,2019 Diluted,blugrn,220-Diluted,14000,SB15,5.23796409626802,13850,1.42604651162791,1.48973684210526,5.28278311964538,1.56277777777778,1.59316666666667,-3.26545486386593
Q4,8/8/2019 Diluted,8,8,2019 Diluted,crypto,220-Diluted,14000,SB15,5.23796409626802,13850,1.69744186046512,1.57552631578947,5.28278311964538,1.45564102564103,1.468125,11.1018048018772
Q4,8/8/2019 Diluted,8,8,2019 Diluted,diatom,220-Diluted,14000,SB15,5.23796409626802,13850,1.01441860465116,0.73,5.28278311964538,1.16528846153846,1.277625,56.2704179536837
Q4,8/8/2019 Diluted,8,8,2019 Diluted,grn,220-Diluted,14000,SB15,5.23796409626802,13850,0,0,5.28278311964538,0,0.00325,NA
Q4,8/8/2019 Diluted,8,8,2019 Diluted,total,220-Diluted,14000,SB15,5.23796409626802,13850,4.13883720930233,3.79552631578947,5.28278311964538,4.18354700854701,4.34220833333333,16.5466528962461
Q4,8/8/2019 Diluted,8,8,2019 Diluted,yellow_sub,220-Diluted,14000,SB15,5.23796409626802,13850,0.734883720930233,0.698157894736842,5.28278311964538,0.721773504273504,0.63475,-10.318745154254
Q4,9/18/19,9,18,2019,blugrn,261,14000,WE4,2.75472813242012,13900,0.704074074074074,0.984042553191489,2.69820673006552,0.923272772216043,1.05498127619138,-51.1855936030837
Q4,9/18/19,9,18,2019,crypto,261,14000,WE4,2.75472813242012,13900,0.744074074074074,0.0151063829787234,2.69820673006552,0.451710879653038,0.281574196047171,870.163479679121
Q4,9/18/19,9,18,2019,diatom,261,14000,WE4,2.75472813242012,13900,0.519259259259259,0.227872340425532,2.69820673006552,0.760247637666992,0.859659323510934,240.516214449194
Q4,9/18/19,9,18,2019,grn,261,14000,WE4,2.75472813242012,13900,0.535555555555556,0.0359574468085106,2.69820673006552,0.324495005674094,0.134068527112931,461.727792941285
Q4,9/18/19,9,18,2019,total,261,14000,WE4,2.75472813242012,13900,2.50333333333333,1.26340425531915,2.69820673006552,2.46127144638824,2.32993388682848,159.82796667578
Q4,9/18/19,9,18,2019,yellow_sub,261,14000,WE4,2.75472813242012,13900,0.373333333333333,0.36468085106383,2.69820673006552,0.376946101729194,0.396731496305904,18.9581742824706
Q4,9/6/19,9,6,2019,blugrn,249,14000,SB15,4.24428241246276,13875,7.22084745762712,8.39987012987013,4.3704231401726,7.93178242615085,7.31963940859902,-38.1907777060723
Q4,9/6/19,9,6,2019,crypto,249,14000,SB15,4.24428241246276,13875,4.00177966101695,3.59402597402597,4.3704231401726,4.11801731893837,3.98382239139889,12.2600876111819
Q4,9/6/19,9,6,2019,diatom,249,14000,SB15,4.24428241246276,13875,6.10093220338983,5.56311688311688,4.3704231401726,5.91180278152647,6.1958449418119,22.9597769444247
Q4,9/6/19,9,6,2019,grn,249,14000,SB15,4.24428241246276,13875,0,0,4.3704231401726,0,0,NA
Q4,9/6/19,9,6,2019,total,249,14000,SB15,4.24428241246276,13875,17.3248305084746,17.5575324675325,4.3704231401726,17.9614847678313,17.4994021726947,-6.49902922685446
Q4,9/6/19,9,6,2019,yellow_sub,249,14000,SB15,4.24428241246276,13875,1.00949152542373,1.14428571428571,4.3704231401726,0.99384742840006,0.925273492317556,-32.4624327713617
Q5,8/13/2019 Diluted +Crypto,8,13,2019 Diluted +Crypto,blugrn,225-Diluted+Crypto,14000,WE4,4.14294635540909,13875,0.417027027027027,1.38272727272727,4.14699622955587,0.442411255411255,1.33378110599078,-16.0731486813447
Q5,8/13/2019 Diluted +Crypto,8,13,2019 Diluted +Crypto,diatom,225-Diluted+Crypto,14000,WE4,4.14294635540909,13875,0.0645945945945946,0.785,4.14699622955587,0.0997835497835498,1.79252073732719,66.0339886379738
Q5,8/13/2019 Diluted +Crypto,8,13,2019 Diluted +Crypto,grn,225-Diluted+Crypto,14000,WE4,4.14294635540909,13875,0.988648648648649,0.0277272727272727,4.14699622955587,1.13550216450216,0.0837972350230415,163.469308243912
Q5,8/13/2019 Diluted +Crypto,8,13,2019 Diluted +Crypto,total,225-Diluted+Crypto,14000,WE4,4.14294635540909,13875,4.14864864864865,2.195,4.14699622955587,4.2937012987013,4.76625115207373,125.202703232379
Q5,8/13/2019 Diluted +Crypto,8,13,2019 Diluted +Crypto,yellow_sub,225-Diluted+Crypto,14000,WE4,4.14294635540909,13875,0.312162162162162,0.348409090909091,4.14699622955587,0.292203463203463,0.347596774193548,10.7693305968528
Q5,8/8/2019 Diluted +Crypto,8,8,2019 Diluted +Crypto,blugrn,220-Diluted+Crypto,14000,SB15,5.23137559102641,13850,0.658958333333333,1.05553191489362,5.27728519694673,0.627207602339181,0.640662715517241,-60.2021347474104
Q5,8/8/2019 Diluted +Crypto,8,8,2019 Diluted +Crypto,crypto,220-Diluted+Crypto,14000,SB15,5.23137559102641,13850,2.82145833333333,1.40425531914894,5.27728519694673,2.90913742690058,2.79300646551724,87.9130363230351
Q5,8/8/2019 Diluted +Crypto,8,8,2019 Diluted +Crypto,diatom,220-Diluted+Crypto,14000,SB15,5.23137559102641,13850,0.589375,0.422978723404255,5.27728519694673,0.453896198830409,0.720646551724138,106.246381390866
Q5,8/8/2019 Diluted +Crypto,8,8,2019 Diluted +Crypto,grn,220-Diluted+Crypto,14000,SB15,5.23137559102641,13850,0.0814583333333333,0.00297872340425532,5.27728519694673,0.19280701754386,0.363814655172414,527.678822768912
Q5,8/8/2019 Diluted +Crypto,8,8,2019 Diluted +Crypto,total,220-Diluted+Crypto,14000,SB15,5.23137559102641,13850,4.15041666666667,2.88574468085106,5.27728519694673,4.18301900584795,4.51861530172414,58.9555591256114
Q5,8/8/2019 Diluted +Crypto,8,8,2019 Diluted +Crypto,yellow_sub,220-Diluted+Crypto,14000,SB15,5.23137559102641,13850,0.734166666666667,0.767659574468085,5.27728519694673,0.746206140350877,0.629207974137931,-28.7888417150571
Q6,8/13/2019 Diluted +Crypto,8,13,2019 Diluted +Crypto,blugrn,225-Diluted+Crypto,14000,WE4,4.14416472415129,13875,0.524871794871795,1.20654545454545,4.14699622955587,0.442411255411255,1.33378110599078,45.804041857092
Q6,8/13/2019 Diluted +Crypto,8,13,2019 Diluted +Crypto,diatom,225-Diluted+Crypto,14000,WE4,4.14416472415129,13875,0.0943589743589744,0.791636363636364,4.14699622955587,0.0997835497835498,1.79252073732719,128.606212040668
Q6,8/13/2019 Diluted +Crypto,8,13,2019 Diluted +Crypto,grn,225-Diluted+Crypto,14000,WE4,4.14416472415129,13875,1.13487179487179,0.0347272727272727,4.14699622955587,1.13550216450216,0.0837972350230415,148.696686582477
Q6,8/13/2019 Diluted +Crypto,8,13,2019 Diluted +Crypto,total,225-Diluted+Crypto,14000,WE4,4.14416472415129,13875,4.32794871794872,2.03436363636364,4.14699622955587,4.2937012987013,4.76625115207373,145.14990111954
Q6,8/13/2019 Diluted +Crypto,8,13,2019 Diluted +Crypto,yellow_sub,225-Diluted+Crypto,14000,WE4,4.14416472415129,13875,0.307692307692308,0.350181818181818,4.14699622955587,0.292203463203463,0.347596774193548,7.472767860761
Q6,8/8/2019 Diluted +Crypto,8,8,2019 Diluted +Crypto,blugrn,220-Diluted+Crypto,14000,SB15,5.22254020578331,13850,0.687183098591549,0.93531914893617,5.27728519694673,0.627207602339181,0.640662715517241,-38.4761118765071
Q6,8/8/2019 Diluted +Crypto,8,8,2019 Diluted +Crypto,crypto,220-Diluted+Crypto,14000,SB15,5.22254020578331,13850,2.81647887323944,1.66234042553191,5.27728519694673,2.90913742690058,2.79300646551724,65.2108084177113
Q6,8/8/2019 Diluted +Crypto,8,8,2019 Diluted +Crypto,diatom,220-Diluted+Crypto,14000,SB15,5.22254020578331,13850,0.552112676056338,0.384468085106383,5.27728519694673,0.453896198830409,0.720646551724138,110.467343072985
Q6,8/8/2019 Diluted +Crypto,8,8,2019 Diluted +Crypto,grn,220-Diluted+Crypto,14000,SB15,5.22254020578331,13850,0.211408450704225,0.0272340425531915,5.27728519694673,0.19280701754386,0.363814655172414,359.785711386444
Q6,8/8/2019 Diluted +Crypto,8,8,2019 Diluted +Crypto,total,220-Diluted+Crypto,14000,SB15,5.22254020578331,13850,4.26718309859155,3.00893617021277,5.27728519694673,4.18301900584795,4.51861530172414,57.1709880361786
Q6,8/8/2019 Diluted +Crypto,8,8,2019 Diluted +Crypto,yellow_sub,220-Diluted+Crypto,14000,SB15,5.22254020578331,13850,0.724647887323944,0.736170212765957,5.27728519694673,0.746206140350877,0.629207974137931,-24.9726901003209
