old	short_name	tip.label	group	hex_col	WLECC	Marvin_choice
ATCC29413	ATCC29413	ATCC29413	Other	#9C0000	FALSE	FALSE
LE19-195.1B	LE19-195.1A	LE19-195	Mae3_1	#D9D9D9	TRUE	FALSE
LE19-195.1B	LE19-195.1A	LE19-195	Other	#9C0000	TRUE	FALSE
LE19-84.1A	LE19-84.1	LE19-84	Mae4	#FF0B7F	TRUE	FALSE
LE19-84.1A	LE19-84.1	LE19-84	Other	#9C0000	TRUE	FALSE
Microcystis_0824	MCSP0824	Microcystis_0824	Mfl_ae5	#FF4E00	FALSE	FALSE
Microcystis_aeruginosa_11_30S32	11_30S32	Microcystis_aeruginosa_11-30S32	Mae3_1	#D9D9D9	FALSE	FALSE
Microcystis_aeruginosa_BK11_02	BK11_02	Microcystis_aeruginosa_BK11-02	Mae2_(HL/LG)	#7030A0	FALSE	FALSE
Microcystis_aeruginosa_BS11_05	BS11_05	Microcystis_aeruginosa_BS11-05	Mae2_(LL/LG)	#7030CD	FALSE	FALSE
Microcystis_aeruginosa_BS13_02	BS13_02	Microcystis_aeruginosa_BS13-02	Mae6	#185712	FALSE	FALSE
Microcystis_aeruginosa_BS13_10	BS13_10	Microcystis_aeruginosa_BS13-10	Mae2_(LL/LG)	#7030CD	FALSE	FALSE
Microcystis_aeruginosa_CACIAM_03	CACIAM_03	Microcystis_aeruginosa_CACIAM_03	Mae1	#806000	FALSE	FALSE
Microcystis_aeruginosa_CHAOHU_1326	CHAOHU_1326	Microcystis_aeruginosa_CHAOHU_1326	Mae4	#FF0B7F	FALSE	FALSE
Microcystis_aeruginosa_DA14	DA14	Microcystis_aeruginosa_DA14	Mae1	#806000	FALSE	FALSE
Microcystis_aeruginosa_DIANCHI905	DIANCHI905	Microcystis_aeruginosa_DIANCHI905	Mae1	#806000	FALSE	FALSE
Microcystis_aeruginosa_EAWAG127a	EAWAG127a	Microcystis_aeruginosa_EAWAG127a	Mae6	#185712	FALSE	FALSE
Microcystis_aeruginosa_F13_15	F13_15	Microcystis_aeruginosa_F13-15	Mae4	#FF0B7F	FALSE	FALSE
Microcystis_aeruginosa_FACHB_524	FACHB_524	Microcystis_aeruginosa_FACHB-524	Mae1	#806000	FALSE	FALSE
Microcystis_aeruginosa_FCY_26	FCY_26	Microcystis_aeruginosa_FCY-26	Mae1	#806000	FALSE	FALSE
Microcystis_aeruginosa_FCY_27	FCY_27	Microcystis_aeruginosa_FCY-27	Mae1	#806000	FALSE	FALSE
Microcystis_aeruginosa_FCY_28	FCY_28	Microcystis_aeruginosa_FCY-28	Mae1	#806000	FALSE	FALSE
Microcystis_aeruginosa_FD4	FD4	Microcystis_aeruginosa_FD4	Mvi	#FF668B	FALSE	FALSE
Microcystis_aeruginosa_G11_01	G11_01	Microcystis_aeruginosa_G11-01	Mae2_(LL/LG)	#7030CD	FALSE	FALSE
Microcystis_aeruginosa_G11_04	G11_04	Microcystis_aeruginosa_G11-04	Mae2_(LL/LG)	#7030CD	FALSE	FALSE
Microcystis_aeruginosa_G11_06	G11_06	Microcystis_aeruginosa_G11-06	Mae2_(LL/LG)	#7030CD	FALSE	FALSE
Microcystis_aeruginosa_G11_09	G11_09	Microcystis_aeruginosa_G11-09	Mae2_(LL/LG)	#7030CD	FALSE	FALSE
Microcystis_aeruginosa_G13_01	G13_01	Microcystis_aeruginosa_G13-01	Mae2_(LL/LG)	#7030CD	FALSE	FALSE
Microcystis_aeruginosa_G13_03	G13_03	Microcystis_aeruginosa_G13-03	Mae2_(LL/LG)	#7030CD	FALSE	FALSE
Microcystis_aeruginosa_G13_05	G13_05	Microcystis_aeruginosa_G13-05	Mae2_(LL/LG)	#7030CD	FALSE	FALSE
Microcystis_aeruginosa_G13_07	G13_07	Microcystis_aeruginosa_G13-07	Mae2_(LL/LG)	#7030CD	FALSE	FALSE
Microcystis_aeruginosa_G13_09	G13_09	Microcystis_aeruginosa_G13-09	Mae2_(LL/LG)	#7030CD	FALSE	FALSE
Microcystis_aeruginosa_G13_10	G13_10	Microcystis_aeruginosa_G13-10	Mae2_(LL/LG)	#7030CD	FALSE	FALSE
Microcystis_aeruginosa_G13_11	G13_11	Microcystis_aeruginosa_G13-11	Mae2_(LL/LG)	#7030CD	FALSE	FALSE
Microcystis_aeruginosa_G13_12	G13_12	Microcystis_aeruginosa_G13-12	Mae2_(LL/LG)	#7030CD	FALSE	FALSE
Microcystis_aeruginosa_K13_05	K13_05	Microcystis_aeruginosa_K13-05	Mae3_3	#A6A6A6	FALSE	FALSE
Microcystis_aeruginosa_K13_06	K13_06	Microcystis_aeruginosa_K13-06	Mae3_2	#BFBFBF	FALSE	FALSE
Microcystis_aeruginosa_K13_07	K13_07	Microcystis_aeruginosa_K13-07	Mae2_(HL/LG)	#7030A0	FALSE	FALSE
Microcystis_aeruginosa_K13_10	K13_10	Microcystis_aeruginosa_K13-10	Mae3_3	#A6A6A6	FALSE	FALSE
Microcystis_aeruginosa_KLA2	KLA2	Microcystis_aeruginosa_KLA2	Mae1	#806000	FALSE	FALSE
Microcystis_aeruginosa_KW	KW	Microcystis_aeruginosa_KW	Mae3_2	#BFBFBF	FALSE	FALSE
Microcystis_aeruginosa_L111_01	L111_01	Microcystis_aeruginosa_L111-01	Mae2_(LL/LG)	#7030CD	FALSE	FALSE
Microcystis_aeruginosa_L211_07	L211_07	Microcystis_aeruginosa_L211-07	Mae5	#9BC2E6	FALSE	FALSE
Microcystis_aeruginosa_L211_101	L211_101	Microcystis_aeruginosa_L211-101	Mae3_1	#D9D9D9	FALSE	FALSE
Microcystis_aeruginosa_L211_11	L211_11	Microcystis_aeruginosa_L211-11	Mae3_1	#D9D9D9	FALSE	FALSE
Microcystis_aeruginosa_L311_01	L311_01	Microcystis_aeruginosa_L311-01	Mae1	#806000	FALSE	FALSE
Microcystis_aeruginosa_LE13_04	LE13_04	Microcystis_aeruginosa_LE13-04	Mae2_(LL/LG)	#7030CD	FALSE	FALSE
Microcystis_aeruginosa_LE3	LE3	Microcystis_aeruginosa_LE3	Mae1	#806000	FALSE	TRUE
Microcystis_aeruginosa_LG11_05	LG11_05	Microcystis_aeruginosa_LG11-05	Mae10	#FFE699	FALSE	FALSE
Microcystis_aeruginosa_LG13_03	LG13_03	Microcystis_aeruginosa_LG13-03	Mae10	#FFE699	FALSE	FALSE
Microcystis_aeruginosa_LG13_11	LG13_11	Microcystis_aeruginosa_LG13-11	Mvi	#FF668B	FALSE	FALSE
Microcystis_aeruginosa_LG13_12	LG13_12	Microcystis_aeruginosa_LG13-12	Mae10	#FFE699	FALSE	FALSE
Microcystis_aeruginosa_LG13_13	LG13_13	Microcystis_aeruginosa_LG13-13	Mae10	#FFE699	FALSE	FALSE
Microcystis_aeruginosa_LL11_07	LL11_07	Microcystis_aeruginosa_LL11-07	Mae2_(LL/LG)	#7030CD	FALSE	FALSE
Microcystis_aeruginosa_LL13_03	LL13_03	Microcystis_aeruginosa_LL13-03	Mae2_(LL/LG)	#7030CD	FALSE	FALSE
Microcystis_aeruginosa_LL13_06	LL13_06	Microcystis_aeruginosa_LL13-06	Mae2_(HL/LG)	#7030A0	FALSE	FALSE
Microcystis_aeruginosa_Ma_AC_P_19900807_S299	MaACPS299	Microcystis_aeruginosa_Ma_AC_P_19900807_S299	Mae7	#BF8F00	FALSE	FALSE
Microcystis_aeruginosa_Ma_AC_P_19900807_S300	MaACPS300	Microcystis_aeruginosa_Ma_AC_P_19900807_S300	Mae1	#806000	FALSE	FALSE
Microcystis_aeruginosa_Ma_MB_F_20061100_S19	MaMBFS19	Microcystis_aeruginosa_Ma_MB_F_20061100_S19	Mae1	#806000	FALSE	FALSE
Microcystis_aeruginosa_Ma_MB_F_20061100_S19D	MaMBFS19D	Microcystis_aeruginosa_Ma_MB_F_20061100_S19D	Mae1	#806000	FALSE	FALSE
Microcystis_aeruginosa_Ma_MB_F_20061100_S20	MaMBFS20	Microcystis_aeruginosa_Ma_MB_F_20061100_S20	Mae5	#9BC2E6	FALSE	FALSE
Microcystis_aeruginosa_Ma_MB_F_20061100_S20D	MaMBFS20D	Microcystis_aeruginosa_Ma_MB_F_20061100_S20D	Mae5	#9BC2E6	FALSE	FALSE
Microcystis_aeruginosa_Ma_MB_S_20031200_S102	MaMBSS102	Microcystis_aeruginosa_Ma_MB_S_20031200_S102	Mae6	#185712	FALSE	FALSE
Microcystis_aeruginosa_Ma_MB_S_20031200_S102D	MaMBSS102D	Microcystis_aeruginosa_Ma_MB_S_20031200_S102D	Mae6	#185712	FALSE	FALSE
Microcystis_aeruginosa_Ma_OC_H_19870700_S124	MaOCHS124	Microcystis_aeruginosa_Ma_OC_H_19870700_S124	Mae8	#803C00	FALSE	FALSE
Microcystis_aeruginosa_Ma_OC_LR_19540900_S633	MaOCLRS633	Microcystis_aeruginosa_Ma_OC_LR_19540900_S633	Mae1	#806000	FALSE	FALSE
Microcystis_aeruginosa_Ma_QC_B_20070730_S2	MaQCBS2	Microcystis_aeruginosa_Ma_QC_B_20070730_S2	Mae1	#806000	FALSE	FALSE
Microcystis_aeruginosa_Ma_QC_C_20070703_M131	MaQCCM131	Microcystis_aeruginosa_Ma_QC_C_20070703_M131	Mae9	#70AD47	FALSE	FALSE
Microcystis_aeruginosa_Ma_QC_C_20070823_S13	MaQCCS13	Microcystis_aeruginosa_Ma_QC_C_20070823_S13	Mae2_(LL/LG)	#7030CD	FALSE	FALSE
Microcystis_aeruginosa_Ma_QC_C_20070823_S13D	MaQCCS13D	Microcystis_aeruginosa_Ma_QC_C_20070823_S13D	Mae2_(LL/LG)	#7030CD	FALSE	FALSE
Microcystis_aeruginosa_Ma_QC_Ca_00000000_S207	MaQCCaS207	Microcystis_aeruginosa_Ma_QC_Ca_00000000_S207	Mae2_(HL/LG)	#7030A0	FALSE	FALSE
Microcystis_aeruginosa_Ma_QC_Ch_20071001_M135	MaQCChM135	Microcystis_aeruginosa_Ma_QC_Ch_20071001_M135	Mae2_(HL/LG)	#7030A0	FALSE	FALSE
Microcystis_aeruginosa_Ma_QC_Ch_20071001_S25	MaQCChS25	Microcystis_aeruginosa_Ma_QC_Ch_20071001_S25	Mae2_(HL/LG)	#7030A0	FALSE	FALSE
Microcystis_aeruginosa_Ma_QC_Ch_20071001_S25D	MaQCChS25D	Microcystis_aeruginosa_Ma_QC_Ch_20071001_S25D	Mae2_(HL/LG)	#7030A0	FALSE	FALSE
Microcystis_aeruginosa_Ma_SC_T_19800800_S464	MaSCTS464	Microcystis_aeruginosa_Ma_SC_T_19800800_S464	Other	#000000	FALSE	FALSE
Microcystis_aeruginosa_NaRes975	NaRes975	Microcystis_aeruginosa_NaRes975	Mae1	#806000	FALSE	FALSE
Microcystis_aeruginosa_NIES_1211	NIES_1211	Microcystis_aeruginosa_NIES-1211	Mfl_ae2	#FFA100	FALSE	FALSE
Microcystis_aeruginosa_NIES_2481	NIES_2481	Microcystis_aeruginosa_NIES-2481	Mfl_ae4	#FF6800	FALSE	FALSE
Microcystis_aeruginosa_NIES_2519	NIES_2519	Microcystis_aeruginosa_NIES-2519	Mfl_ae2	#FFA100	FALSE	FALSE
Microcystis_aeruginosa_NIES_2520	NIES_2520	Microcystis_aeruginosa_NIES-2520	Mae3_2	#BFBFBF	FALSE	FALSE
Microcystis_aeruginosa_NIES_2521	NIES_2521	Microcystis_aeruginosa_NIES-2521	Mfl_ae4	#FF6800	FALSE	FALSE
Microcystis_aeruginosa_NIES_2522	NIES_2522	Microcystis_aeruginosa_NIES-2522	Mfl_ae2	#FFA100	FALSE	FALSE
Microcystis_aeruginosa_NIES_2549	NIES_2549	Microcystis_aeruginosa_NIES-2549	Mfl_ae4	#FF6800	FALSE	FALSE
Microcystis_aeruginosa_NIES_298	NIES_298	Microcystis_aeruginosa_NIES-298	Mae1	#806000	FALSE	FALSE
Microcystis_aeruginosa_NIES_3787	NIES_3787	Microcystis_aeruginosa_NIES-3787	Mfl_ae4	#FF6800	FALSE	FALSE
Microcystis_aeruginosa_NIES_3804	NIES_3804	Microcystis_aeruginosa_NIES-3804	Mfl_ae3	#FF8500	FALSE	FALSE
Microcystis_aeruginosa_NIES_3806	NIES_3806	Microcystis_aeruginosa_NIES-3806	Mfl_ae4	#FF6800	FALSE	FALSE
Microcystis_aeruginosa_NIES_3807	NIES_3807	Microcystis_aeruginosa_NIES-3807	Mfl_ae4	#FF6800	FALSE	FALSE
Microcystis_aeruginosa_NIES_4264	NIES_4264	Microcystis_aeruginosa_NIES-4264	Mfl_ae2	#FFA100	FALSE	FALSE
Microcystis_aeruginosa_NIES_4285	NIES_4285	Microcystis_aeruginosa_NIES-4285	Mae1	#806000	FALSE	FALSE
Microcystis_aeruginosa_NIES_4325	NIES_4325	Microcystis_aeruginosa_NIES-4325	Other	#000000	FALSE	FALSE
Microcystis_aeruginosa_NIES_44	NIES_44	Microcystis_aeruginosa_NIES-44	Mae8	#803C00	FALSE	FALSE
Microcystis_aeruginosa_NIES_843	NIES_843	Microcystis_aeruginosa_NIES-843	Mae3_1	#D9D9D9	FALSE	FALSE
Microcystis_aeruginosa_NIES_87	NIES_87	Microcystis_aeruginosa_NIES-87	Other	#000000	FALSE	FALSE
Microcystis_aeruginosa_NIES_88	NIES_88	Microcystis_aeruginosa_NIES-88	Mae3_1	#D9D9D9	FALSE	FALSE
Microcystis_aeruginosa_NIES_98	NIES_98	Microcystis_aeruginosa_NIES-98	Mae1	#806000	FALSE	FALSE
Microcystis_aeruginosa_PCC_7005	PCC_7005	Microcystis_aeruginosa_PCC_7005	Mae1	#806000	FALSE	FALSE
Microcystis_aeruginosa_PCC_7806SL	PCC_7806SL	Microcystis_aeruginosa_PCC_7806SL	Mae1	#806000	FALSE	FALSE
Microcystis_aeruginosa_PCC_7941	PCC_7941	Microcystis_aeruginosa_PCC_7941	Mae1	#806000	FALSE	FALSE
Microcystis_aeruginosa_PCC_9432	PCC_9432	Microcystis_aeruginosa_PCC_9432	Mae1	#806000	FALSE	FALSE
Microcystis_aeruginosa_PCC_9443	PCC_9443	Microcystis_aeruginosa_PCC_9443	Mae4	#FF0B7F	FALSE	FALSE
Microcystis_aeruginosa_PCC_9701	PCC_9701	Microcystis_aeruginosa_PCC_9701	Mfl_ae1	#FFC000	FALSE	FALSE
Microcystis_aeruginosa_PCC_9717	PCC_9717	Microcystis_aeruginosa_PCC_9717	Mae3_3	#A6A6A6	FALSE	FALSE
Microcystis_aeruginosa_PCC_9806	PCC_9806	Microcystis_aeruginosa_PCC_9806	Mfl_ae3	#FF8500	FALSE	FALSE
Microcystis_aeruginosa_PCC_9807	PCC_9807	Microcystis_aeruginosa_PCC_9807	Mae4	#FF0B7F	FALSE	FALSE
Microcystis_aeruginosa_PCC_9808	PCC_9808	Microcystis_aeruginosa_PCC_9808	Mae1	#806000	FALSE	FALSE
Microcystis_aeruginosa_PCC_9809	PCC_9809	Microcystis_aeruginosa_PCC_9809	Mae3_1	#D9D9D9	FALSE	FALSE
Microcystis_aeruginosa_S11_01	S11_01	Microcystis_aeruginosa_S11-01	Mae2_(HL/LG)	#7030A0	FALSE	FALSE
Microcystis_aeruginosa_S11_05	S11_05	Microcystis_aeruginosa_S11-05	Mae2_(HL/LG)	#7030A0	FALSE	FALSE
Microcystis_aeruginosa_Sj	Sj	Microcystis_aeruginosa_Sj	Other	#000000	FALSE	FALSE
Microcystis_aeruginosa_SPC777	SPC777	Microcystis_aeruginosa_SPC777	Mae1	#806000	FALSE	FALSE
Microcystis_aeruginosa_SX13_01	SX13_01	Microcystis_aeruginosa_SX13-01	Mae2_(LL/LG)	#7030CD	FALSE	FALSE
Microcystis_aeruginosa_SX13_11	SX13_11	Microcystis_aeruginosa_SX13-11	Mae2_(LL/LG)	#7030CD	FALSE	FALSE
Microcystis_aeruginosa_TA09	TA09	Microcystis_aeruginosa_TA09	Mae10	#FFE699	FALSE	FALSE
Microcystis_aeruginosa_TAIHU98	TAIHU98	Microcystis_aeruginosa_TAIHU98	Mae1	#806000	FALSE	FALSE
Microcystis_aeruginosa_W11_03	W11_03	Microcystis_aeruginosa_W11-03	Mwe	#A9D08E	FALSE	FALSE
Microcystis_aeruginosa_W11_06	W11_06	Microcystis_aeruginosa_W11-06	Mwe	#A9D08E	FALSE	FALSE
Microcystis_aeruginosa_W13_11	W13_11	Microcystis_aeruginosa_W13-11	Other	#000000	FALSE	FALSE
Microcystis_aeruginosa_W13_13	W13_13	Microcystis_aeruginosa_W13-13	Mae2_(LL/LG)	#7030CD	FALSE	FALSE
Microcystis_aeruginosa_W13_15	W13_15	Microcystis_aeruginosa_W13-15	Mae2_(LL/LG)	#7030CD	FALSE	FALSE
Microcystis_aeruginosa_W13_16	W13_16	Microcystis_aeruginosa_W13-16	Mae2_(LL/LG)	#7030CD	FALSE	FALSE
Microcystis_aeruginosa_W13_18	W13_18	Microcystis_aeruginosa_W13-18	Mae2_(HL/LG)	#7030A0	FALSE	FALSE
Microcystis_flos_aquae_DF17	DF17	Microcystis_flos-aquae_DF17	Mae3_1	#D9D9D9	FALSE	FALSE
Microcystis_flos_aquae_Ma_QC_C_20070823_S18	MaQCCS18	Microcystis_flos-aquae_Ma_QC_C_20070823_S18	Mfl_ae1	#FFC000	FALSE	FALSE
Microcystis_flos_aquae_Ma_QC_C_20070823_S18D	MaQCCS18D	Microcystis_flos-aquae_Ma_QC_C_20070823_S18D	Mfl_ae1	#FFC000	FALSE	FALSE
Microcystis_flos_aquae_Mf_QC_C_20070823_S10	MfQCCS10	Microcystis_flos-aquae_Mf_QC_C_20070823_S10	Mfl_ae1	#FFC000	FALSE	FALSE
Microcystis_flos_aquae_Mf_QC_C_20070823_S10D	MfQCCS10D	Microcystis_flos-aquae_Mf_QC_C_20070823_S10D	Mfl_ae1	#FFC000	FALSE	FALSE
Microcystis_flos_aquae_Mf_QC_C_20070823_S20	MfQCCS20	Microcystis_flos-aquae_Mf_QC_C_20070823_S20	Mfl_ae1	#FFC000	FALSE	FALSE
Microcystis_flos_aquae_Mf_QC_C_20070823_S20D	MfQCCS20D	Microcystis_flos-aquae_Mf_QC_C_20070823_S20D	Mfl_ae1	#FFC000	FALSE	FALSE
Microcystis_flos_aquae_Mf_QC_C_20070823_S20T	MfQCCS20T	Microcystis_flos-aquae_Mf_QC_C_20070823_S20T	Mfl_ae1	#FFC000	FALSE	FALSE
Microcystis_flos_aquae_Mf_WU_F_19750830_S460	MfWUFS460	Microcystis_flos-aquae_Mf_WU_F_19750830_S460	Mfl_ae3	#FF8500	FALSE	FALSE
Microcystis_flos_aquae_TF09	TF09	Microcystis_flos-aquae_TF09	Mae1	#806000	FALSE	FALSE
Microcystis_LSC13_02	LSC13_02	Microcystis_LSC13-02	Mae2_(HL/LG)	#7030A0	FALSE	FALSE
Microcystis_M_OC_Ca_00000000_C217Col	MOCCaC217Col	Microcystis_M_OC_Ca_00000000_C217Col	Mae4	#FF0B7F	FALSE	FALSE
Microcystis_M_OC_Ca_00000000_S217Cul	MOCCaS217Cul	Microcystis_M_OC_Ca_00000000_S217Cul	Mae4	#FF0B7F	FALSE	FALSE
Microcystis_M_QC_C_20170808_M2Col	MQCCM2Col	Microcystis_M_QC_C_20170808_M2Col	Mae3_1	#D9D9D9	FALSE	FALSE
Microcystis_M_QC_C_20170808_M3Col	MQCCM3Col	Microcystis_M_QC_C_20170808_M3Col	Mae2_(HL/LG)	#7030A0	FALSE	FALSE
Microcystis_M_QC_C_20170808_M9Col	MQCCM9Col	Microcystis_M_QC_C_20170808_M9Col	Mae3_1	#D9D9D9	FALSE	FALSE
Microcystis_MC19	MC19	Microcystis_MC19	Mfl_ae2	#FFA100	FALSE	FALSE
Microcystis_Msp_OC_L_20101000_S702	MpOCLS702	Microcystis_Msp_OC_L_20101000_S702	Mae1	#806000	FALSE	FALSE
Microcystis_novacekii_Mn_MB_F_20050700_S1	MnMBFS1	Microcystis_novacekii_Mn_MB_F_20050700_S1	Mn	#305496	FALSE	FALSE
Microcystis_novacekii_Mn_MB_F_20050700_S1D	MnMBFS1D	Microcystis_novacekii_Mn_MB_F_20050700_S1D	Mn	#305496	FALSE	FALSE
Microcystis_panniformis_FACHB_1757	FACHB_1757	Microcystis_panniformis_FACHB-1757	Mae4	#FF0B7F	FALSE	FALSE
Microcystis_panniformis_Mp_GB_SS_20050300_S99	MpGBSSS99	Microcystis_panniformis_Mp_GB_SS_20050300_S99	Mpa	#FF0000	FALSE	FALSE
Microcystis_panniformis_Mp_GB_SS_20050300_S99D	MpGBSSS99D	Microcystis_panniformis_Mp_GB_SS_20050300_S99D	Mpa	#FF0000	FALSE	FALSE
Microcystis_panniformis_Mp_MB_F_20051200_S6	MpMBFS6	Microcystis_panniformis_Mp_MB_F_20051200_S6	Mpa	#FF0000	FALSE	FALSE
Microcystis_panniformis_Mp_MB_F_20051200_S6D	MpMBFS6D	Microcystis_panniformis_Mp_MB_F_20051200_S6D	Mpa	#FF0000	FALSE	FALSE
Microcystis_panniformis_Mp_MB_F_20051200_S9	MpMBFS9	Microcystis_panniformis_Mp_MB_F_20051200_S9	Mpa	#FF0000	FALSE	FALSE
Microcystis_panniformis_Mp_MB_F_20051200_S9D	MpMBFS9D	Microcystis_panniformis_Mp_MB_F_20051200_S9D	Mpa	#FF0000	FALSE	FALSE
Microcystis_panniformis_Mp_MB_F_20080800_S26	MpMBFS26	Microcystis_panniformis_Mp_MB_F_20080800_S26	Mpa	#FF0000	FALSE	FALSE
Microcystis_panniformis_Mp_MB_F_20080800_S26D	MpMBFS26D	Microcystis_panniformis_Mp_MB_F_20080800_S26D	Mpa	#FF0000	FALSE	FALSE
Microcystis_T1_4	T1_4	Microcystis_T1-4	Mfl_ae2	#FFA100	FALSE	FALSE
Microcystis_viridis_Mv_BB_P_19951000_S68	MvBBPS68	Microcystis_viridis_Mv_BB_P_19951000_S68	Mvi	#FF668B	FALSE	FALSE
Microcystis_viridis_Mv_BB_P_19951000_S68D	MvBBPS68D	Microcystis_viridis_Mv_BB_P_19951000_S68D	Mvi	#FF668B	FALSE	FALSE
Microcystis_viridis_Mv_BB_P_19951000_S69	MvBBPS69	Microcystis_viridis_Mv_BB_P_19951000_S69	Mvi	#FF668B	FALSE	FALSE
Microcystis_viridis_Mv_BB_P_19951000_S69D	MvBBPS69D	Microcystis_viridis_Mv_BB_P_19951000_S69D	Mvi	#FF668B	FALSE	FALSE
Microcystis_viridis_NIES_102	NIES_102	Microcystis_viridis_NIES-102	Mae3_1	#D9D9D9	FALSE	FALSE
Microcystis_wesenbergii_LE013_01	LE013_01	Microcystis_wesenbergii_LE013-01	Mae8	#803C00	FALSE	FALSE
Microcystis_wesenbergii_Mw_MB_S_20031200_S109	MwMBSS109	Microcystis_wesenbergii_Mw_MB_S_20031200_S109	Mwe	#A9D08E	FALSE	FALSE
Microcystis_wesenbergii_Mw_MB_S_20031200_S109D	MwMBSS109D	Microcystis_wesenbergii_Mw_MB_S_20031200_S109D	Mwe	#A9D08E	FALSE	FALSE
Microcystis_wesenbergii_Mw_QC_B_20070930_S4	MwQCBS4	Microcystis_wesenbergii_Mw_QC_B_20070930_S4	Mwe	#A9D08E	FALSE	FALSE
Microcystis_wesenbergii_Mw_QC_B_20070930_S4D	MwQCBS4D	Microcystis_wesenbergii_Mw_QC_B_20070930_S4D	Mwe	#A9D08E	FALSE	FALSE
Microcystis_wesenbergii_Mw_QC_S_20081001_S30	MwQCSS30	Microcystis_wesenbergii_Mw_QC_S_20081001_S30	Mwe	#A9D08E	FALSE	FALSE
Microcystis_wesenbergii_Mw_QC_S_20081001_S30D	MwQCSS30D	Microcystis_wesenbergii_Mw_QC_S_20081001_S30D	Mwe	#A9D08E	FALSE	FALSE
Microcystis_wesenbergii_TW10	TW10	Microcystis_wesenbergii_TW10	Mae8	#803C00	FALSE	FALSE
ND-100	LE19-41.2C	LE19-41	Mae3_3	#A6A6A6	TRUE	TRUE
ND-101	LE19-10.1C	LE19-10	Mae3_3	#A6A6A6	TRUE	TRUE
ND-102	LE19-12.2C	LE19-12	Mfl_ae1	#FFC000	TRUE	TRUE
ND-103	LE17-20.1A	LE17-20C	Other	#9C0000	TRUE	FALSE
ND-78	LE17-10A	LE17-10A	Mae5	#9BC2E6	TRUE	TRUE
ND-79	LE18-22.4A	LE18-22	Mae3_1	#D9D9D9	TRUE	TRUE
ND-80	LE19-114.1A	LE19-114	Mae5	#9BC2E6	TRUE	TRUE
ND-81	LE19-13.4A	LE19-13	Mfl_ae1	#FFC000	TRUE	TRUE
ND-82	LE19-196.1A	LE19-196	Mae5	#9BC2E6	TRUE	TRUE
ND-83	LE19-281.1A	LE19-281	Other	#9C0000	TRUE	TRUE
ND-84	LE19-338.1B	LE19-338	Mfl_ae3	#FF8500	TRUE	TRUE
ND-85	LE19-55.1A	LE19-55	Mfl_ae1	#FFC000	TRUE	TRUE
ND-86	LE19-8.1A	LE19-8	Mae8	#803C00	TRUE	TRUE
ND-87	LE19-84.1	LE19-84	Mae4	#FF0B7F	TRUE	TRUE
ND-87	LE19-84.1	LE19-84	Other	#9C0000	TRUE	FALSE
ND-88	LE19-12.3A	LE19-12.3A	Other	#9C0000	TRUE	FALSE
ND-89	LE19-131.1A	LE19-131	Mae1	#806000	TRUE	TRUE
ND-90	LE19-195.1A	LE19-195	Mae3_1	#D9D9D9	TRUE	TRUE
ND-90	LE19-195.1A	LE19-195	Other	#9C0000	TRUE	FALSE
ND-91	LE19-197.1A	LE19-197	Mfl_ae1	#FFC000	TRUE	TRUE
ND-92	LE19-366.1A	LE19-366	Other	#9C0000	TRUE	FALSE
ND-93	LE19-4.1A	LE19-4	Mae5	#9BC2E6	TRUE	TRUE
ND-94	LE19-59.1A	LE19-59	Mae3_3	#A6A6A6	TRUE	TRUE
ND-95	LE19-98.1A	LE19-98	Mfl_ae1	#FFC000	TRUE	TRUE
ND-97	LE17-20C	LE17-20C	Mae8	#803C00	TRUE	TRUE
ND-98	LE19-251.1C	LE19-251	Mae3_3	#A6A6A6	TRUE	TRUE
ND-99	LE19-388.1C	LE19-388	Mfl_ae3	#FF8500	TRUE	TRUE
PCC_6803	PCC_6803	PCC_6803	Other	#9C0000	FALSE	FALSE